,rs_rank,nme_rank,rs_year,t_rank,t_year,artist,song
0,,40,,61.0,,jay-z,99 problems
1,,91,,90.0,,lcd soundsystem,all my friends
2,340,,1971,41.0,1971.0,the who,baba o'riley
3,126,,1954,95.0,1968.0,big joe turner,"shake, rattle and roll"
4,22,9,1963,18.0,1963.0,the ronettes,be my baby
5,58,57,1983,2.0,1982.0,michael jackson,billie jean
6,,8,,33.0,,new order,blue monday
7,163,,1975,3.0,1975.0,queen,bohemian rhapsody
8,346,,1996,57.0,1996.0,tupac shakur,california love
9,,6,,45.0,,pulp,common people
10,85,203,1961,24.0,1961.0,patsy cline,crazy
11,69,,1961,44.0,1961.0,roy orbison,crying
12,322,95,1989,40.0,1989.0,public enemy,fight the power
13,164,,1956,60.0,1955.0,johnny cash,folsom prison blues
14,326,225,1970,59.0,1970.0,james brown,get up (i feel like being a) sex machine
15,,86,,39.0,,missy elliott,get yr freak on
16,38,29,1969,43.0,1969.0,the rolling stones,gimme shelter
17,25,14,1966,21.0,1966.0,the beach boys,god only knows
18,,93,,25.0,,kanye west,gold digger
19,270,,1980,53.0,1980.0,george jones,he stopped loving her today
20,46,15,1977,35.0,1977.0,david bowie,heroes
21,180,18,2003,10.0,2003.0,outkast,hey ya
22,411,3,1977,46.0,1977.0,donna summer,i feel love
23,80,46,1968,6.0,1968.0,marvin gaye,i heard it through the grapevine
24,186,,1967,67.0,1967.0,aretha franklin,never loved a man (the way i love you)
25,144,,1978,55.0,1978.0,the ramones,i wanna be sedated
26,16,156,1963,5.0,1963.0,the beatles,i want zo hold your hand
27,120,163,1969,27.0,1969.0,the jackson 5,i want you back
28,310,,1971,64.0,1970.0,black sabbath,iron man
29,,460,,62.0,,r.e.m,it's the end of the world (and i feel fine)
30,110,,1965,77.0,1965.0,otis redding,i've been loving you too long
31,67,235,1958,12.0,1957.0,elvis presley,jailhouse rock
32,7,,1958,13.0,1958.0,chuck berry,johnny b. goode
33,217,,1974,71.0,1973.0,dolly parton,jolene
34,461,,1986,37.0,1986.0,prince and the revolution,kiss
35,179,2,1980,26.0,1980.0,joy division,love will tear us apart
36,162,38,1990,9.0,1990.0,sinead o'connor,nothing compares 2 u
37,474,319,1978,73.0,1978.0,funkadelic,one nation under a groove (part. 1)
38,256,45,1997,52.0,1997.0,radiohead,paranoid android
39,178,,1974,86.0,1974.0,big star,september girls
40,9,1,1991,4.0,1991.0,nirvana,smells like teen spirit
41,189,,1977,7.0,1977.0,the bee gees,stayin' alive
42,,325,,29.0,,billy holiday,strange fruit
43,332,186,1965,54.0,1965.0,bob dylan,subterranean homesick blues
44,418,,1969,58.0,1969.0,"crosby, stills & nash",suite judy blue eyes
45,74,103,1973,15.0,1972.0,stevie wonder,superstition
46,39,,1957,20.0,1957.0,"holly, buddy",that'll be the day
47,245,,1969,75.0,1969.0,the band,the night they drove old dixie down
48,86,,1975,49.0,1975.0,bruce springsteen,thunder road
49,43,,1956,28.0,1955.0,little richard,tutti frutti
50,,25,,82.0,,arcade fire,wake up
51,10,,1959,17.0,1959.0,ray charles,what'd i say (part 1&2)
52,472,,1964,31.0,1964.0,the supremes,where did our love go
53,397,232,1976,,,blue oyster cult,(don`t fear) the reaper
54,212,313,1982,,,prince,1999
55,12,129,1964,,,sam cooke,a change is gonna come
56,26,17,1967,,,the beatles,a day in a life
57,48,315,1968,,,jimi hendrix,all along the watchtower
58,253,149,1972,,,mott the hoople,all the young dudes
59,436,141,1967,,,love,alone again or
60,53,84,1976,,,sex pistols,anarchy in the u.k.
61,435,107,1981,,,the rolling stones,beast of burden
62,382,115,1997,,,the verve,bitter sweet symphony
63,92,237,1976,,,the ramones,blitzkrieg bop
64,21,54,1975,,,bruce springsteen,born to run
65,497,429,1994,,,weezer,buddy holly
66,89,343,1967,,,the mamas and the papas,california dreamin'
67,127,162,1971,,,david bowie,changes
68,445,418,1992,,,nirvana,come as you are
69,202,336,1969,,,the beatles,come together
70,361,83,1979,,,the clash,complete control
71,40,152,1964,,,martha & the vandellas,dancing in the street
72,150,348,1966,,,the byrds,eight miles high
73,137,11,1966,,,the beatles,eleanor rigby
74,399,362,1991,,,metallica,enter sandman
75,376,302,1996,,,radiohead,fake plastic trees
76,138,294,1971,,,sly and the family stone,family affair
77,173,27,1977,,,the sex pistols,god save the queen
78,6,10,1966,,,the beach boys,good vibrations
79,181,169,1962,,,booker t & mgs,green onions
80,259,89,1994,,,jeff buckley,hallelujah
81,255,19,1978,,,blondie,heart of glass
82,198,496,1966,,,jimi hendrix,hey joe
83,8,77,1968,,,the beatles,hey jude
84,254,478,1979,,,ac/dc,highway to hell
85,19,263,1956,,,elvis presley,hound dog
86,486,4,1984,,,the smiths,how soon is now
87,258,182,1967,,,the who,i can see for miles
88,175,441,1966,,,bobby fuller four,i fought the law
89,489,463,1978,,,gloria gaynor,i will survive
90,234,379,1965,,,the byrds,i'll feel a whole lot better
91,159,201,1967,,,lou reed the velvet underground,i'm waiting for the man
92,3,476,1971,,,john lennon,imagine
93,23,17,1965,,,the beatles,in my life
94,123,288,1966,,,james brown,it's a man's man's world
95,124,131,1968,,,rolling stones,jumpin' jack flash
96,400,124,1966,,,paul revere & the raiders,kicks
97,35,199,1967,,,the doors,light my fire
98,300,47,1989,,,madonna,like a prayer
99,1,49,1961,,,bob dylan,like a rolling stone
100,422,473,1970,,,the kinks,lola
101,15,32,1980,,,the clash,london calling
102,166,88,2002,,,eminem,lose yourself
103,169,101,1991,,,r.e.m.,losing my religion
104,55,157,1963,,,the kingsmen,louie louie
105,147,459,1977,,,iggy pop,lust for life
106,410,197,1989,,,pixies,monkey gone to heaven
107,11,70,1965,,,the who,my generation
108,454,270,1970,,,george harrison,my sweet lord
109,37,139,1975,,,bob marley,no woman no cry
110,358,191,1965,,,martha reeves and the vandellas,nowhere to run
111,419,477,1993,,,dr. dre,nuthin' but a 'g' thang
112,222,387,1964,,,roy orbison,oh pretty woman
113,298,455,1978,,,blondie,one way or another
114,174,136,1966,,,rolling stones,paint it black
115,168,310,1972,,,the temptations,papa was a rollin' stone
116,72,154,1966,,,james brown,papa's got a brand new bag
117,453,423,1987,,,guns ‘n' roses,paradise city
118,250,391,1970,,,black sabbath,paranoid
119,368,323,1989,,,depeche mode,personal jesus
120,278,360,1989,,,the cure,pictures of you
121,17,159,1967,,,jimmy hendrix,purple haze
122,143,123,1984,,,prince,purple rain
123,440,466,1987,,,salt-n-pepa,push it
124,379,212,1991,,,r.e.m.,radio free europe
125,154,332,1958,,,buddy holly,rave on
126,206,274,1966,,,the four tops,reach out i'll be there
127,5,226,1967,,,aretha franklin,respect
128,87,318,1963,,,johnny cash,ring of fire
129,33,37,1966,,,tina turner,river deep - mountain high
130,269,376,1976,,,the modern lovers,roadrunner
131,146,358,1979,,,the b-52's,rock lobster
132,97,177,1956,,,chuck berry,roll over beethoven
133,475,56,1994,,,beastie boys,sabotage
134,231,326,1982,,,marvin gaye,sexual healing
135,64,280,1963,,,the beatles,she loves you
136,457,407,1977,,,ramones,sheena is a punk rocker
137,28,150,1968,,,otis redding,sitting on the dock of the bay
138,273,304,1969,,,the beatles,something
139,240,161,1968,,,dusty springfield,son of a preacher man
140,290,340,2000,,,eminem feat. dido,stan
141,121,65,1961,,,ben e. king,stand by me
142,76,35,1967,,,the beatles,strawberry fields forever
143,295,69,1968,,,the rolling stones,street fighting man
144,91,58,1969,,,elvis presley,suspicious minds
145,196,471,1987,,,guns n roses,sweet child o mine
146,335,115,1970,,,"lou reed, the velvet underground",sweet jane
147,32,227,1968,,,the rolling stones,sympathy for the devil
148,68,277,1975,,,bob dylan,tangled up in blue
149,402,9,1970,,,sly and the family stone,thank you (falettinme be mice elf again)
150,499,402,1976,,,thin lizzy,the boys are back in town
151,51,97,1980,,,grandmaster flash,the message
152,50,178,1965,,,smokey robinson & the miracles,the tracks of my tears
153,384,311,1965,,,the beatles,ticket to ride
154,387,158,1972,,,elton john,tiny dancer
155,292,69,1979,,,the clash,train in vain
156,424,446,1972,,,the rolling stones,tumbling dice
157,101,246,1968,,,jimi hendrix,voodoo child
158,221,50,1972,,,lou reed,walk on the wild side
159,287,258,1986,,,run dmc,walk this way
160,336,258,1976,,,aerosmith & run dmc,walk this way
161,354,413,1977,,,elvis costello,watching the detectives
162,42,23,1968,,,the kinks,waterloo sunset
163,4,202,1971,,,marvin gaye,what’s going on
164,52,113,1984,,,prince,when doves cry
165,135,382,1968,,,the beatles,while my guitar gently weeps
166,430,69,1978,,,the clash,white man in hammersmith palais
167,348,12,1973,,,the isley brothers,who's that lady
168,75,452,1969,,,led zeppelin,whole lotta love
169,192,130,1968,,,glen campbell,wichita lineman
170,133,175,1971,,,the who,won't get fooled again
171,100,297,1969,,,rolling stones,you can’t always get what you want
172,339,211,1966,,,diana ross & the supremes,you keep me hangin' on
173,82,219,1964,,,the kinks,you really got me
174,481,62,1975,,,david bowie,young americans
175,277,480,1972,,,david bowie,ziggy stardust
176,1,1961,,,,bob dylan,like a rolling stone
177,2,1965,,,,the rolling stones,satisfaction
178,3,1971,,,,john lennon,imagine
179,4,1971,,,,marvin gaye,what’s going on
180,5,1967,,,,aretha franklin,respect
181,6,1966,,,,the beach boys,good vibrations
182,7,1958,,,,chuck berry,johnny b. goode
183,8,1968,,,,the beatles,hey jude
184,9,1991,,,,nirvana,smells like teen spirit
185,10,1959,,,,ray charles,what'd i say (part 1&2)
186,11,1965,,,,the who,my generation
187,12,1964,,,,sam cooke,a change is gonna come
188,13,1965,,,,the beatles,yesterday
189,14,1963,,,,bob dylan,blowin' in the wind
190,15,1980,,,,the clash,london calling
191,16,1963,,,,the beatles,i want zo hold your hand
192,17,1967,,,,jimmy hendrix,purple haze
193,18,1955,,,,chuck berry,maybellene
194,19,1956,,,,elvis presley,hound dog
195,20,1970,,,,the beatles,let it be
196,21,1975,,,,bruce springsteen,born to run
197,22,1963,,,,the ronettes,be my baby
198,23,1965,,,,the beatles,in my life
199,24,1965,,,,the impressions,people get ready
200,25,1966,,,,the beach boys,god only knows
201,26,1967,,,,the beatles,a day in a life
202,27,1970,,,,derek and the dominos,layla
203,28,1968,,,,otis redding,sitting on the dock of the bay
204,29,1965,,,,the beatles,help
205,30,1956,,,,johnny cash,i walk the line
206,31,1971,,,,led zeppelin,stairway to heaven
207,32,1968,,,,the rolling stones,sympathy for the devil
208,33,1966,,,,tina turner,river deep - mountain high
209,34,1964,,,,the righteous brothers,you've lost that lovin' feelin'
210,35,1967,,,,the doors,light my fire
211,36,1991,,,,u2,one
212,37,1975,,,,bob marley,no woman no cry
213,38,1969,,,,the rolling stones,gimme shelter
214,39,1957,,,,"holly, buddy",that'll be the day
215,40,1964,,,,martha & the vandellas,dancing in the street
216,41,1968,,,,the band,the weight
217,42,1968,,,,the kinks,waterloo sunset
218,43,1956,,,,little richard,tutti frutti
219,44,1960,,,,ray charles,georgia on my mind
220,45,1956,,,,elvis presley,heartbreak hotel
221,46,1977,,,,david bowie,heroes
222,47,1970,,,,simon and garfunkel,bridge over troubled water
223,48,1968,,,,jimi hendrix,all along the watchtower
224,49,1976,,,,the eagles,hotel california
225,50,1965,,,,smokey robinson & the miracles,the tracks of my tears
226,51,1980,,,,grandmaster flash,the message
227,52,1984,,,,prince,when doves cry
228,53,1976,,,,sex pistols,anarchy in the u.k.
229,54,1966,,,,percy sledge,when a man loves a woman
230,55,1963,,,,the kingsmen,louie louie
231,56,1956,,,,little richard,long tall sally
232,57,1967,,,,procol harum,a whiter shade of pale
233,58,1983,,,,michael jackson,billie jean
234,59,1964,,,,bob dylan,the times they are a changin'
235,60,1971,,,,al green,let's stay together
236,61,1957,,,,jerry lee lewis,whole lotta shakin' going on
237,62,1955,,,,bo diddley,bo diddley
238,63,1967,,,,buffalo springfield,for what it's worth
239,64,1963,,,,the beatles,she loves you
240,65,1968,,,,cream,sunshine of your love
241,66,1980,,,,bob marley,redemption song
242,67,1958,,,,elvis presley,jailhouse rock
243,68,1975,,,,bob dylan,tangled up in blue
244,69,1961,,,,roy orbison,crying
245,70,1964,,,,dionne warwick,walk on by
246,71,1965,,,,the beach boys,california girls
247,72,1966,,,,james brown,papa's got a brand new bag
248,73,1958,,,,eddie cochran,summertime blues
249,74,1973,,,,stevie wonder,superstition
250,75,1969,,,,led zeppelin,whole lotta love
251,76,1967,,,,the beatles,strawberry fields forever
252,77,1955,,,,elvis presley,mystery train
253,78,1966,,,,james brown,i got you (i feel good)
254,79,1965,,,,the byrds,mr. tambourine man
255,80,1968,,,,marvin gaye,i heard it through the grapevine
256,81,1956,,,,fats domino,blueberry hill
257,82,1964,,,,the kinks,you really got me
258,83,1965,,,,the beatles,norwegian wood
259,84,1983,,,,the police,every breath you take
260,85,1961,,,,patsy cline,crazy
261,86,1975,,,,bruce springsteen,thunder road
262,87,1963,,,,johnny cash,ring of fire
263,88,1965,,,,the temptations,my girl
264,89,1967,,,,the mamas and the papas,california dreamin'
265,90,1956,,,,the five satins,in the still of the night
266,91,1969,,,,elvis presley,suspicious minds
267,92,1976,,,,the ramones,blitzkrieg bop
268,93,1987,,,,u2,i still haven't found what i am looking
269,94,1958,,,,little richard,good golly miss molly
270,95,1956,,,,carl perkins,blue suede shoes
271,96,1957,,,,jerry lee lewis,great balls of fire
272,97,1956,,,,chuck berry,roll over beethoven
273,98,1972,,,,al green,love and happiness
274,99,1970,,,,ccr,fortunate son
275,100,1969,,,,rolling stones,you can’t always get what you want
276,101,1968,,,,jimi hendrix,voodoo child
277,102,1956,,,,gene vincent and his blue caps,be bop a lula
278,103,1979,,,,donna summer,hot stuff
279,104,1973,,,,stevie wonder,living for the city
280,105,1969,,,,simon and garfunkel,the boxer
281,106,1965,,,,bob dylan,mr. tambourine man
282,107,1957,,,,buddy holly,not fade away
283,108,1983,,,,prince,little red corvette
284,109,1967,,,,van morrison,brown eyed girl
285,110,1965,,,,otis redding,i've been loving you too long
286,111,1949,,,,"hank williams, sr.",i'm so lonesome i could cry
287,112,1954,,,,elvis presley,that's all right
288,113,1962,,,,the drifters,up on the roof
289,114,1963,,,,the crystals,da doo ron ron
290,115,1957,,,,sam cooke,you send me
291,116,1969,,,,rolling stones,honky tonk woman
292,117,1974,,,,al green,take me to the river
293,118,1959,,,,the isley brothers,shout (part 1 & 2)
294,119,1977,,,,fleetwood mac,go your own way
295,120,1969,,,,the jackson 5,i want you back
296,121,1961,,,,ben e. king,stand by me
297,122,1964,,,,the animals,house of the rising sun
298,123,1966,,,,james brown,it's a man's man's world
299,124,1968,,,,rolling stones,jumpin' jack flash
300,125,1960,,,,the shirelles,will you love me tomorrow
301,126,1954,,,,big joe turner,"shake, rattle and roll"
302,127,1971,,,,david bowie,changes
303,128,1957,,,,chuck berry,rock and roll music
304,129,1968,,,,steppenwolf,born to be wild
305,130,1971,,,,rod stewart,maggie may
306,131,1987,,,,u2,with or without you
307,132,1957,,,,bo diddley,who do you love
308,133,1971,,,,the who,won't get fooled again
309,134,1965,,,,wilson picket,in the midnight hour
310,135,1968,,,,the beatles,while my guitar gently weeps
311,136,1970,,,,elton john,your song
312,137,1966,,,,the beatles,eleanor rigby
313,138,1971,,,,sly and the family stone,family affair
314,139,1964,,,,the beatles,i saw her standing there
315,140,1975,,,,led zeppelin,kashmir
316,141,1958,,,,the everly brothers,all i have to do is dream
317,142,1956,,,,james brown,"please, please, please"
318,143,1984,,,,prince,purple rain
319,144,1978,,,,the ramones,i wanna be sedated
320,145,1968,,,,sly & family stone,everyday people
321,146,1979,,,,the b-52's,rock lobster
322,147,1977,,,,iggy pop,lust for life
323,148,1971,,,,janis joplin,me and bobby mcgee
324,149,1960,,,,the everly brothers,cathy's clown
325,150,1966,,,,the byrds,eight miles high
326,151,1954,,,,the penguins,earth angel
327,152,1965,,,,jimi hendrix,foxy lady
328,153,1964,,,,the beatles,hard day's night
329,154,1958,,,,buddy holly,rave on
330,155,1969,,,,ccr,proud mary
331,156,1965,,,,simon & garfunkel,the sound of silence
332,157,1959,,,,the flamingos,i only have eyes for you
333,158,1954,,,,bill haley,rock around the clock
334,159,1967,,,,lou reed the velvet underground,i'm waiting for the man
335,160,1988,,,,public enemy ft. anthrax,bring the noise
336,161,1962,,,,ray charles,i can't stop loving you
337,162,1990,,,,sinead o'connor,nothing compares 2 u
338,163,1975,,,,queen,bohemian rhapsody
339,164,1956,,,,johnny cash,folsom prison blues
340,165,1988,,,,tracy chapman,fast car
341,166,2002,,,,eminem,lose yourself
342,167,1973,,,,marvin gaye,let’s get it on
343,168,1972,,,,the temptations,papa was a rollin' stone
344,169,1991,,,,r.e.m.,losing my religion
345,170,1969,,,,joni mitchell,both sides now
346,171,1976,,,,abba,dancing queen
347,172,1973,,,,aerosmith,dream on
348,173,1977,,,,the sex pistols,god save the queen
349,174,1966,,,,rolling stones,paint it black
350,175,1966,,,,bobby fuller four,i fought the law
351,176,1964,,,,the beach boys,don't worry baby
352,177,1989,,,,tom petty,free fallin'
353,178,1974,,,,big star,september girls
354,179,1980,,,,joy division,love will tear us apart
355,180,2003,,,,outkast,hey ya
356,181,1962,,,,booker t & mgs,green onions
357,182,1960,,,,drifters,save the last dance for me
358,183,1969,,,,bb king,the thrill is gone
359,184,1964,,,,the beatles,"please, please me"
360,185,1965,,,,bob dylan,desolation row
361,186,1967,,,,aretha franklin,never loved a man (the way i love you)
362,187,1980,,,,ac/dc,back in black
363,188,1970,,,,ccr,who'll stop the rain
364,189,1977,,,,the bee gees,stayin' alive
365,190,1973,,,,bob dylan,knocking on heavens door
366,191,1973,,,,lynyrd skynyrd,free bird
367,192,1968,,,,glen campbell,wichita lineman
368,193,1959,,,,the drifters,there goes my baby
369,194,1957,,,,buddy holly,peggy sue
370,195,1957,,,,the chantels,maybe
371,196,1987,,,,guns n roses,sweet child o mine
372,197,1956,,,,elvis presley,don't be cruel
373,198,1966,,,,jimi hendrix,hey joe
374,199,1977,,,,parliament funkadelic,flashlight
375,200,1993,,,,beck,loser
376,201,1986,,,,new order,bizarre love triangle
377,202,1969,,,,the beatles,come together
378,203,1965,,,,bob dylan,positively 4th street
379,204,1966,,,,otis redding,try a little tenderness
380,205,1972,,,,bill withers,lean on me
381,206,1966,,,,the four tops,reach out i'll be there
382,207,1957,,,,the everly brothers,bye bye love
383,208,1965,,,,them,gloria
384,209,1963,,,,the beach boys,in my room
385,210,1966,,,,question mark and the mysterians,96 tears
386,211,1966,,,,the beach boys,caroline no
387,212,1982,,,,prince,1999
388,213,1953,,,,hank williams sr.,your cheating heart
389,214,1989,,,,neil young,rockin' in the free world
390,215,1954,,,,the chords,sh-boom
391,216,1965,,,,the lovin' spoonful,do you believe in magic
392,217,1974,,,,dolly parton,jolene
393,218,1963,,,,john lee hooker,boom boom
394,219,1960,,,,howlin' wolf,spoonful
395,220,1966,,,,the left banke,walk away renee
396,221,1972,,,,lou reed,walk on the wild side
397,222,1964,,,,roy orbison,oh pretty woman
398,223,1968,,,,sly & the family stone,dance to the music
399,224,1979,,,,chic,good times
400,225,1954,,,,muddy waters,hoochie coochie man
401,226,1970,,,,van morrison,moondance
402,227,1970,,,,james taylor,fire and rain
403,228,1982,,,,the clash,should i stay or should i go
404,229,1955,,,,muddy waters,mannish boy
405,230,1966,,,,bob dylan,just like a woman
406,231,1982,,,,marvin gaye,sexual healing
407,232,1960,,,,roy orbison,only the lonely
408,233,1965,,,,the animals,we`ve gotta get out of this place
409,234,1965,,,,the byrds,i'll feel a whole lot better
410,235,1954,,,,ray charles,i got a woman
411,236,1957,,,,buddy holly,everyday
412,237,1982,,,,afrika bambaataa,planet rock
413,238,1961,,,,patsy cline,i fall to pieces
414,239,1961,,,,dion,the wanderer
415,240,1968,,,,dusty springfield,son of a preacher man
416,241,1969,,,,sly & the family stone,stand!
417,242,1972,,,,elton john,rocket man
418,243,1989,,,,the b 52s,love shack
419,244,1966,,,,the spencer davis group,gimme some lovin'
420,245,1969,,,,the band,the night they drove old dixie down
421,246,1967,,,,jackie wilson,higher and higher
422,247,1969,,,,sly and the family stone,hot fun in the summertime
423,248,1979,,,,sugarhill gang,rappers delight
424,249,1967,,,,aretha franklin,chain of fools
425,250,1970,,,,black sabbath,paranoid
426,251,1959,,,,bobby darin,mack the knife
427,252,1953,,,,the drifters,money honey
428,253,1972,,,,mott the hoople,all the young dudes
429,254,1979,,,,ac/dc,highway to hell
430,255,1978,,,,blondie,heart of glass
431,256,1997,,,,radiohead,paranoid android
432,257,1966,,,,the troggs,wild thing
433,258,1967,,,,the who,i can see for miles
434,259,1994,,,,jeff buckley,hallelujah
435,260,1969,,,,the dells,"oh, what a night"
436,261,1973,,,,stevie wonder,higher ground
437,262,1965,,,,smokey robinson & the miracles,ooo baby baby
438,263,1962,,,,the crystals,he's a rebel
439,264,1972,,,,randy newman,sail away
440,265,1968,,,,archie bell,tighten' up
441,266,1964,,,,the ronettes,walking in the rain
442,267,1973,,,,new york dolls,personality crisis
443,268,1983,,,,u2,sunday bloody sunday
444,269,1976,,,,the modern lovers,roadrunner
445,270,1980,,,,george jones,he stopped loving her today
446,271,1966,,,,the beach boys,sloop john b
447,272,1958,,,,chuck berry,sweet little sixteen
448,273,1969,,,,the beatles,something
449,274,1967,,,,jefferson airplane,somebody to love
450,275,1984,,,,bruce springsteen,born in the usa
451,276,1972,,,,the staple singers,i'll take you there
452,277,1972,,,,david bowie,ziggy stardust
453,278,1989,,,,the cure,pictures of you
454,279,1964,,,,the dixie cups,chapel of love
455,280,1971,,,,bill withers,ain’t no sunshine
456,281,1972,,,,stevie wonder,you are the sunshine of my life
457,282,1974,,,,joni mitchell,help me
458,283,1980,,,,blondie,call me
459,284,1979,,,,elvis costello,"what's so funny about peace, love & …"
460,285,1965,,,,howlin' wolf,smoke stack lightnin'
461,286,1992,,,,pavement,summer babe
462,287,1986,,,,run dmc,walk this way
463,288,1960,,,,barrett strong,money (that's what i want)
464,289,1964,,,,the beatles,can't buy me love
465,290,2000,,,,eminem feat. dido,stan
466,291,1964,,,,the zombies,she's not there
467,292,1979,,,,the clash,train in vain
468,293,1971,,,,al green,tired of being alone
469,294,1971,,,,led zeppelin,black dog
470,295,1968,,,,the rolling stones,street fighting man
471,296,1975,,,,bob marley,"get up, stand up"
472,297,1972,,,,neil young,heart of gold
473,298,1978,,,,blondie,one way or another
474,299,1987,,,,prince,sign 'o' the times
475,300,1989,,,,madonna,like a prayer
476,301,1978,,,,rod stewart,da ya think i'm sexy
477,302,1975,,,,willie nelson,blue eyes crying in the rain
478,303,1967,,,,the rolling stones,ruby tuesday
479,304,1967,,,,the beatles,with a little help from my friends
480,305,1968,,,,james brown,say it loud i'm black and i'm proud
481,306,1980,,,,the jam,that's entertainment
482,307,1956,,,,franky lymon,why do fools fall in love
483,308,1958,,,,jackie wilson,lonely teardrops
484,309,1984,,,,tina turner,what's love got to do with it
485,310,1971,,,,black sabbath,iron man
486,311,1957,,,,the everly brothers,wake up little susie
487,312,1963,,,,roy orbison,in dreams
488,313,1956,,,,screamin' jay hawkins,i put a spell on you
489,314,1979,,,,pink floyd,comfortably numb
490,315,1965,,,,the animals,don't let me be misunderstood
491,316,1975,,,,pink floyd,wish you were here
492,317,1969,,,,jimmy cliff,many rivers to cross
493,318,1977,,,,elvis costello,alison
494,319,1972,,,,alice cooper,schools out
495,320,1969,,,,led zeppelin,heartbreaker
496,321,1975,,,,neil young,cortez the killer
497,322,1989,,,,public enemy,fight the power
498,323,1979,,,,patti smith,dancing barefoot
499,324,1964,,,,diana ross & the supremes,baby love
500,325,1966,,,,the rascals,good lovin
501,326,1970,,,,james brown,get up (i feel like being a) sex machine
502,327,1958,,,,jerry butler,for your precious love
503,328,1967,,,,the doors,the end
504,329,1975,,,,"earth, wind & fire",that's the way of the world
505,330,1977,,,,the queen,we will rock you
506,331,1991,,,,bonnie raitt,i can't make you love me
507,332,1965,,,,bob dylan,subterranean homesick blues
508,333,1970,,,,norman greenbaum,spirit in the sky
509,334,1971,,,,the rolling stones,wild horses
510,335,1970,,,,"lou reed, the velvet underground",sweet jane
511,336,1976,,,,aerosmith & run dmc,walk this way
512,337,1982,,,,michael jackson,beat it
513,338,1970,,,,paul mccartney,maybe i'm amazed
514,339,1966,,,,diana ross & the supremes,you keep me hangin' on
515,340,1971,,,,the who,baba o'riley
516,341,1975,,,,jimmy cliff,the harder they come
517,342,1961,,,,dion & the belmonts,runaround sue
518,343,1956,,,,lavern baker,jim dandy
519,344,1968,,,,janis joplin,piece of my heart
520,345,1958,,,,ritchie valens,la bamba
521,346,1996,,,,tupac shakur,california love
522,347,1973,,,,elton john,candle in the wind
523,348,1973,,,,the isley brothers,who's that lady
524,349,1960,,,,ben e. king,spanish harlem
525,350,1962,,,,little eva,the loco-motion
526,351,1955,,,,the platters,the great pretender
527,352,1955,,,,elvis presley,all shook up
528,353,1992,,,,eric clapton,tears in heaven
529,354,1977,,,,elvis costello,watching the detectives
530,355,1969,,,,ccr,bad moon rising
531,356,1983,,,,eurythmics,sweet dreams
532,357,1968,,,,jimi hendrix,little wing
533,358,1965,,,,martha reeves and the vandellas,nowhere to run
534,359,1957,,,,muddy waters,got my mojo working
535,360,1973,,,,roberta flack,killing me softly with his son
536,361,1979,,,,the clash,complete control
537,362,1967,,,,the beatles,all you need is love
538,363,1967,,,,the box tops,the letter
539,364,1965,,,,bob dylan,highway 61 revisited
540,365,1965,,,,the righteous brothers,unchained melody
541,366,1977,,,,the bee gees,how deep is your love
542,367,1968,,,,cream,white room
543,368,1989,,,,depeche mode,personal jesus
544,369,1955,,,,bo diddley,i'm a man
545,370,1967,,,,jimi hendrix,the wind cries mary
546,371,1965,,,,the who,i can't explain
547,372,1977,,,,television,marquee moon
548,373,1960,,,,sam cooke,wonderful world
549,374,1956,,,,chuck berry,brown eyed handsome man
550,375,1979,,,,pink floyd,another brick in the wall part 2
551,376,1996,,,,radiohead,fake plastic trees
552,377,1961,,,,ray charles,hit the road jack
553,378,1984,,,,u2,pride (in the name of love)
554,379,1991,,,,r.e.m.,radio free europe
555,380,1973,,,,elton john,goodbye yellow brick road
556,381,1965,,,,aaron neville,tell it like it is
557,382,1997,,,,the verve,bitter sweet symphony
558,383,1971,,,,the allman brothers band,whipping post
559,384,1965,,,,the beatles,ticket to ride
560,385,1970,,,,"crosby, stills, nash & young",ohio
561,386,1987,,,,eric b. and rakim,i know you got soul
562,387,1972,,,,elton john,tiny dancer
563,388,1978,,,,the police,roxanne
564,389,1971,,,,the temptations,just my imagination
565,390,1965,,,,the four tops,baby i need your loving
566,391,1970,,,,freda payne,band of gold
567,392,1970,,,,the five stairsteps,o-o-h child
568,393,1966,,,,the lovin’ spoonful,summer in the city
569,394,1961,,,,elvis presley,can't help falling in love
570,395,1964,,,,the shangri-las,remember (walkin' in the sand)
571,396,1972,,,,big star,thirteen
572,397,1976,,,,blue oyster cult,(don`t fear) the reaper
573,398,1974,,,,lynyrd skynyrd,sweet home alabama
574,399,1991,,,,metallica,enter sandman
575,400,1966,,,,paul revere & the raiders,kicks
576,401,1960,,,,the shirelles,tonight's the night
577,402,1970,,,,sly and the family stone,thank you (falettinme be mice elf again)
578,403,1958,,,,eddie cochran,c'mon everybody
579,404,1966,,,,bob dylan,visions of johanna
580,405,1971,,,,the carpenters,we've only just begun
581,406,1996,,,,r. kelly,i believe i can fly
582,407,1992,,,,nirvana,in bloom
583,408,1975,,,,aerosmith,sweet emotion
584,409,1969,,,,cream,crossroads
585,410,1989,,,,pixies,monkey gone to heaven
586,411,1977,,,,donna summer,i feel love
587,412,1967,,,,bobbie gentry,ode to billy joe
588,413,1957,,,,little richard,the girl can't help it
589,414,1957,,,,the coasters,young blood
590,415,1965,,,,the four tops,i can't help myself
591,416,1984,,,,don henley,the boys of summer
592,417,1988,,,,n.w.a.,fuck the police
593,418,1969,,,,"crosby, stills & nash",suite judy blue eyes
594,419,1993,,,,dr. dre,nuthin' but a 'g' thang
595,420,1969,,,,the isley brothers,it's your thing
596,421,1973,,,,billy joel,piano man
597,422,1970,,,,the kinks,lola
598,423,1956,,,,elvis presley,blue suede shoes
599,424,1972,,,,the rolling stones,tumbling dice
600,425,1984,,,,the smiths,"william, it was really nothing"
601,426,1972,,,,deep purple,smoke on the water
602,427,1983,,,,u2,new year's day
603,428,1966,,,,mitch ryder & the detroit wheels,devil with a blue dress on good golly
604,429,1964,,,,solomon burke,everybody needs somebody to love
605,430,1978,,,,the clash,white man in hammersmith palais
606,431,1955,,,,fats domino,ain't it a shame
607,432,1977,,,,gladys knight and the pips,midnight train to georgia
608,433,1969,,,,led zeppelin,ramble on
609,434,1966,,,,wilson pickett,mustang sally
610,435,1981,,,,the rolling stones,beast of burden
611,436,1967,,,,love,alone again or
612,437,1956,,,,elvis presley,love me tender
613,438,1969,,,,the stooges,i wanna be your dog
614,439,1984,,,,john cougar mellenkamp,pink houses
615,440,1987,,,,salt-n-pepa,push it
616,441,1957,,,,the dell-vikings,come go with me
617,442,1957,,,,little richard,keep a knockin'
618,443,1973,,,,bob marley & the wailers,i shot the sheriff
619,444,1965,,,,sonny & cher,i got you babe
620,445,1992,,,,nirvana,come as you are
621,446,1968,,,,toots and the maytals,pressure drop
622,447,1964,,,,the shangri-las,leader of the pack
623,448,1967,,,,the velvet underground,heroin
624,449,1967,,,,the beatles,penny lane
625,450,1967,,,,glen campbell,by the time i get to phoenix
626,451,1960,,,,chubby checker,the twist
627,452,1961,,,,sam cooke,cupid
628,453,1987,,,,guns ‘n' roses,paradise city
629,454,1970,,,,george harrison,my sweet lord
630,455,1994,,,,nirvana,all apologies
631,456,1958,,,,lloyd price,stagger lee
632,457,1977,,,,ramones,sheena is a punk rocker
633,458,1965,,,,sam & dave,soul man
634,459,1950,,,,muddy waters,rollin' stone
635,460,1963,,,,the chiffons,one fine day
636,461,1986,,,,prince and the revolution,kiss
637,462,1972,,,,the staple singers,respect yourself
638,463,1966,,,,the beatles,rain
639,464,1966,,,,the four tops,standing in the shadows of love
640,465,1978,,,,cheap trick,surrender
641,466,1961,,,,del shannon,runaway
642,467,1987,,,,guns ‘n' roses,welcome to the jungle
643,468,1964,,,,the stooges,search and destroy
644,469,1971,,,,carole king,it's too late
645,470,1974,,,,joni mitchell,free man in paris
646,471,1980,,,,willie nelson,on the road again
647,472,1964,,,,the supremes,where did our love go
648,473,1967,,,,aretha franklin,do right woman - do right man
649,474,1978,,,,funkadelic,one nation under a groove (part. 1)
650,475,1994,,,,beastie boys,sabotage
651,476,1984,,,,foreigner,i want to know what love is
652,477,1981,,,,rick james,super freak
653,478,1967,,,,jefferson airplane,white rabbit
654,479,1974,,,,labelle,lady marmalade
655,480,1970,,,,van morrison,into the mystic
656,481,1975,,,,david bowie,young americans
657,482,1971,,,,alice cooper,i'm eighteen
658,483,1987,,,,the cure,just like heaven
659,484,1981,,,,joan jett,i love rock and roll
660,485,1986,,,,paul simon,graceland
661,486,1984,,,,the smiths,how soon is now
662,487,1964,,,,the drifters,under the boardwalk
663,488,1975,,,,fleetwood mac,rhiannon
664,489,1978,,,,gloria gaynor,i will survive
665,490,1971,,,,the rolling stones,brown sugar
666,491,1966,,,,dusty springfield,you don't have to say you love me
667,492,1977,,,,jackson browne,running on empty
668,493,1963,,,,the crystals,then he kissed me
669,494,1973,,,,the eagles,desperado
670,495,1960,,,,smokey robinson,shop around
671,496,1978,,,,the rolling stones,miss you
672,497,1994,,,,weezer,buddy holly
673,498,1970,,,,brook benton,rainy night in georgia
674,499,1976,,,,thin lizzy,the boys are back in town
675,500,1976,,,,boston,more than a feeling
676,,1,,,,nirvana,smells like teen spirit
677,,2,,,,joy division,love will tear us apart
678,,3,,,,donna summer,i feel love
679,,4,,,,the smiths,how soon is now?
680,,5,,,,the strokes,last night
681,,6,,,,pulp,common people
682,,7,,,,arctic monkeys,i bet you look good on the dancefloor
683,,8,,,,new order,blue monday
684,,9,,,,the ronettes,be my baby
685,,10,,,,the beach boys,good vibrations
686,,11,,,,the beatles,eleanor rigby
687,,12,,,,the smiths,there is a light that never goes out
688,,13,,,,oasis,live forever
689,,14,,,,the beach boys,god only knows
690,,15,,,,david bowie,“heroes”
691,,16,,,,the white stripes,seven nation army
692,,17,,,,the beatles,a day in the life
693,,18,,,,outkast,hey ya!
694,,19,,,,blondie,heart of glass
695,,20,,,,blur,girls & boys
696,,21,,,,the specials,ghost town
697,,22,,,,the la's,there she goes
698,,23,,,,the kinks,waterloo sunset
699,,24,,,,bob dylan,hurricane
700,,25,,,,arcade fire,wake up
701,,26,,,,lcd soundsystem,losing my edge
702,,27,,,,sex pistols,god save the queen
703,,28,,,,the libertines,time for heroes
704,,29,,,,the rolling stones,gimme shelter
705,,30,,,,talking heads,once in a lifetime
706,,31,,,,the stone roses,fools gold
707,,32,,,,the clash,london calling
708,,33,,,,suede,animal nitrate
709,,34,,,,david bowie,life on mars?
710,,35,,,,the beatles,strawberry fields forever
711,,36,,,,oasis,wonderwall
712,,37,,,,ike and tina turner,river deep mountain high
713,,38,,,,sinead o' connor,nothing compares 2 u
714,,39,,,,yeah yeah yeahs,maps
715,,40,,,,jay-z,99 problems
716,,41,,,,amy winehouse,back to black
717,,42,,,,blur,the universal
718,,43,,,,manic street preachers,a design for life
719,,44,,,,pixies,debaser
720,,45,,,,radiohead,paranoid android
721,,46,,,,marvin gaye,i heard it through the grapevine
722,,47,,,,madonna,like a prayer
723,,48,,,,the cure,boys don't cry
724,,49,,,,bob dylan,like a rolling stone
725,,50,,,,lou reed,walk on the wild side
726,,51,,,,david bowie,ashes to ashes
727,,52,,,,daft punk,one more time
728,,53,,,,mia,paper plane
729,,54,,,,bruce springsteen,born to run
730,,55,,,,kraftwerk,the model
731,,56,,,,beastie boys,sabotage
732,,57,,,,michael jackson,billie jean
733,,58,,,,elvis presley,suspicious minds
734,,59,,,,primal scream,loaded
735,,60,,,,pulp,babies
736,,61,,,,new order,true faith
737,,62,,,,david bowie,young americans
738,,63,,,,massive attack,unfinished sympathy
739,,64,,,,the smiths,this charming man
740,,65,,,,ben e king,stand by me
741,,66,,,,nwa,straight outta compton
742,,67,,,,oasis,cigarettes & alcohol
743,,68,,,,the beatles,blackbird
744,,69,,,,the clash,(white man) in hammersmith palais
745,,70,,,,the who,my generation
746,,71,,,,buzzcocks,ever fallen in love (with someone you shouldn't)
747,,72,,,,the velvet underground,venus in furs
748,,73,,,,pj harvey,sheela-na-gig
749,,74,,,,franz ferdinand,take me out
750,,75,,,,the streets,dry your eyes
751,,76,,,,kate bush,wuthering heights
752,,77,,,,the beatles,hey jude
753,,78,,,,nick cave & the bad seeds,into my arms
754,,79,,,,the white stripes,fell in love with a girl
755,,80,,,,the beatles,taxman
756,,81,,,,jay-z & kanye west,niggas in paris
757,,82,,,,beyonce,crazy in love
758,,83,,,,the clash,complete control
759,,84,,,,sex pistols,anarchy in the uk
760,,85,,,,morrissey,everyday is like sunday
761,,86,,,,missy elliott,get yr freak on
762,,87,,,,lana del rey,video games
763,,88,,,,eminem,lose yourself
764,,89,,,,jeff buckley,hallelujah
765,,90,,,,mgmt,time to pretend
766,,91,,,,lcd soundsystem,all my friends
767,,92,,,,britney spears,toxic
768,,93,,,,kanye west,gold digger
769,,94,,,,the flaming lips,do you realize??
770,,95,,,,public enemy,fight the power
771,,96,,,,the libertines,what a waster
772,,97,,,,grandmaster flash & the furious five,the message
773,,98,,,,rage against the machine,killing in the name
774,,99,,,,queens of the stone age,no one knows
775,,100,,,,the stone roses,i am the resurrection
776,,101,,,,r.e.m,loosing my religion
777,,102,,,,manic street preachers,motorcycle emptiness
778,,103,,,,stevie wonder,superstition
779,,104,,,,suede,the drowners
780,,105,,,,blur,song 2
781,,106,,,,oasis,don't look back in anger
782,,107,,,,the rapture,house of jealous lovers
783,,108,,,,kate bush,running up that hill
784,,109,,,,gossip,standing in the way of control
785,,110,,,,super furry animals,ice hocky hair
786,,111,,,,fontella bass,rescue me
787,,112,,,,oasis,supersonic
788,,113,,,,prince,when doves cry
789,,114,,,,happy mondays,step on
790,,115,,,,the verve,bitter sweet symphony
791,,116,,,,the killers,mr brightside
792,,117,,,,dexys midnight runners,geno
793,,118,,,,the strokes,someday
794,,119,,,,the stone roses,waterfall
795,,120,,,,roxy music,virginia plane
796,,121,,,,hole,celebrity skin
797,,122,,,,the white stripes,hotel yorba
798,,123,,,,prince,purple rain
799,,124,,,,the undertones,teenage kicks
800,,125,,,,pulp,disco 2000
801,,126,,,,the jesus and mary chain,just like honey
802,,127,,,,warren g - & nate dogg,regulate
803,,128,,,,the jam,the eaton rifles
804,,129,,,,sam cooke,a change is gonna come
805,,130,,,,glen campbell,wichita lineman
806,,131,,,,the rolling stones,jumpin' jack flash
807,,132,,,,sex pistols,pretty vacant
808,,133,,,,pixies,gigantic
809,,134,,,,hot chip,over and over
810,,135,,,,the charlatans,the only one i know
811,,136,,,,the rolling stones,paint it black
812,,137,,,,the cribs,man's needs
813,,138,,,,kanye west,monster
814,,139,,,,bob marley,no woman no cry
815,,140,,,,aphex twin,windowlicker
816,,141,,,,love,alone again or
817,,142,,,,radiohead,creep
818,,143,,,,the beatles,hello goodbye
819,,145,,,,lee hazlewood & nancy sinatra,some velvet morning
820,,148,,,,pet shop boys,west end girls
821,,149,,,,mott the hoople,all the young dudes
822,,150,,,,otis redding,(sittin' on) the dock of the bay
823,,151,,,,eric b & rakim,follow the leader
824,,152,,,,martha reeves & the vandellas,dancing in the street
825,,153,,,,dinosaur jr,freak scene
826,,154,,,,james brown,papa's got a brand new bag
827,,155,,,,motorhead,ace of spades
828,,156,,,,the beatles,i want to hold your hand
829,,157,,,,the kingsman,louie louie
830,,158,,,,elton john,tiny dancer
831,,159,,,,the jimi hendrix experience,purple haze
832,,160,,,,joy division,transmission
833,,161,,,,dusty springfield,son of a preacher man
834,,162,,,,david bowie,changes
835,,163,,,,the jacksons,i want you back
836,,164,,,,dizzee rascal,"fix up, look sharp"
837,,165,,,,the breeders,cannonball
838,,166,,,,beastie boys,(you gotta) fight for your right to party
839,,168,,,,bat for lashes,daniel
840,,169,,,,booker t,green onions
841,,170,,,,primal scream,higher than the sun
842,,171,,,,vampire weekend,a-punk
843,,172,,,,lcd soundsystem,someone great
844,,173,,,,public enemy,rebel without a pause
845,,174,,,,mcalmont & butler,yes
846,,175,,,,the who,won't get fooled again
847,,176,,,,the libertines,can't stand me now
848,,177,,,,chuck berry,roll over beethoven
849,,178,,,,smokey robinson & the miracles,the tracks of my tears
850,,179,,,,the jesus and mary chain,never understand
851,,180,,,,flamin' groovies,shake some action
852,,181,,,,wu-tang clan,protest ya neck
853,,182,,,,the who,i can see for miles
854,,183,,,,the prodigy,no good (start the dance)
855,,184,,,,queen & david bowie,under pressure
856,,185,,,,doves,there goes the fear
857,,186,,,,bob dylan,subterranean homesick blues
858,,187,,,,teenage fanclub,the concept
859,,188,,,,arctic monkeys,mardy bum
860,,189,,,,the libertines,don't look back into the sun
861,,190,,,,primal scream,shoot speed/kill light
862,,191,,,,martha & the vandellas,nowhere to run
863,,194,,,,supergrass,alright
864,,195,,,,joy division,atmosphere
865,,196,,,,the stone roses,made of stone
866,,197,,,,pixies,monkeys gone to heaven
867,,198,,,,blur,this is a low
868,,199,,,,the doors,light my fire
869,,200,,,,pixies,where is my mind?
870,,201,,,,the velvet underground,i'm waiting for the man
871,,202,,,,marvin gaye,what's going on
872,,203,,,,patsy kline,crazy
873,,204,,,,the pogues & kirsty maccoll,fairytale of new york
874,,205,,,,the strokes,reptilla
875,,206,,,,pil,rise
876,,207,,,,billy bragg,levi stubbs tears
877,,208,,,,daft punk,da funk
878,,209,,,,john lennon,jealous guy
879,,210,,,,the fall,hit the north
880,,211,,,,the supremes,you keep me hanging on
881,,212,,,,r.e.m,radio free europe
882,,213,,,,pixies,here comes your man
883,,214,,,,peter gabriel,solsbury hill
884,,215,,,,nirvana,lithium
885,,216,,,,orange juice,rip it up
886,,217,,,,manic street preachers,faster
887,,218,,,,nick cave and the bad seeds,straight to you
888,,219,,,,the kinks,you really got me
889,,220,,,,blur,end of the century
890,,221,,,,simon and garfunkel,mrs robinson
891,,222,,,,klaxons,golden skans
892,,223,,,,spiritualized,electricity
893,,224,,,,the sugarcubes,birthday
894,,225,,,,james brown,get up (i feel like being) a sex machine
895,,226,,,,aretha franklin,respect
896,,227,,,,the rolling stones,sympathy for the devil
897,,228,,,,new order,temptation
898,,229,,,,grimes,oblivion
899,,230,,,,outkast,ms jackson
900,,231,,,,arctic monkeys,do i wanna know?
901,,232,,,,blue oyster cult,(don't fear) the reaper
902,,233,,,,t rex,get it on
903,,234,,,,talking heads,psycho killer
904,,235,,,,elvis presley,jailhouse rock
905,,236,,,,the cure,in between days
906,,237,,,,ramones,blitzkrieg bop
907,,238,,,,nick cave and the bad seeds,tupelo
908,,239,,,,oasis,whatever
909,,240,,,,pet shop boys,rent
910,,241,,,,portishead,sour times
911,,242,,,,pil,public image
912,,243,,,,the beta band,dry the rain
913,,244,,,,manic street preachers,motown junk
914,,245,,,,babyshambles,fuck forever
915,,246,,,,the jimi hendrix experience,voodoo child (slight return)
916,,247,,,,beastie boys,intergalactic
917,,248,,,,animal collective,my girls
918,,249,,,,air,sexy boy
919,,250,,,,david bowie,space oddity
920,,251,,,,elvis costello & the attractions,oliver's army
921,,252,,,,dr dre feat,still dre
922,,253,,,,dexys midnight runners,come on eileen
923,,254,,,,pulp,this is hardcore
924,,255,,,,ol' dirty bastard,got your money
925,,256,,,,the horrors,sea within a sea
926,,257,,,,queens of the stone age,feel good hit of the summer
927,,258,,,,run-dmc,walk this way
928,,259,,,,tlc,waterfalls
929,,260,,,,beck,sexx laws
930,,261,,,,underworld,born slippy
931,,262,,,,stardust,music sounds better with you
932,,263,,,,elvis presley,hound dog
933,,264,,,,the beatles,paperback writer
934,,265,,,,jay-z,empire state of mind
935,,266,,,,the jacksons,shake your body (down to the ground)
936,,267,,,,suede,trash
937,,268,,,,saint etienne,only love can break your heart
938,,269,,,,lou reed,perfect day
939,,270,,,,george harrison,my sweet lord
940,,271,,,,manic street preachers,you love us
941,,272,,,,happy mondays,hallelujah
942,,273,,,,ride,leave them all behind
943,,274,,,,the four tops,reach out and i'll be there
944,,275,,,,the orb,little fluffy clouds
945,,276,,,,eminem,my name is
946,,277,,,,bob dylan,tangled up in blue
947,,278,,,,kate bush,hounds of love
948,,279,,,,pixies,velouria
949,,280,,,,the beatles,she loves you
950,,281,,,,elbow,one day like this
951,,282,,,,elastica,connection
952,,283,,,,the smiths,bigmouth strikes again
953,,284,,,,supergrass,caught by the fuzz
954,,285,,,,crystal castles,crimewave
955,,286,,,,wings,band on the run
956,,287,,,,daft punk,get lucky
957,,288,,,,james brown,it's a man's man's man's world
958,,289,,,,arcade fire,rebellion (lies)
959,,290,,,,glasvegas,daddy's gone
960,,291,,,,robert wyatt,shipbuilding
961,,292,,,,electric light orchestra,mr blue sky
962,,293,,,,wolfman feat,for lovers
963,,294,,,,sly and the family stone,family affair
964,,295,,,,david bowie,fashion
965,,296,,,,pj harvey,the words that maketh murder
966,,297,,,,the rolling stones,you can't always get what you want
967,,298,,,,house of pain,jump around
968,,299,,,,the primitives,crash
969,,300,,,,t rex,20th century boy
970,,301,,,,dépêche mode,enjoy the silence
971,,302,,,,radiohead,fake plastic trees
972,,303,,,,leonard cohen,suzanne
973,,304,,,,the beatles,something
974,,305,,,,gloria jones,tainted love
975,,306,,,,blur,beetlebum
976,,307,,,,the jam,going underground
977,,308,,,,foals,spanish sahara
978,,309,,,,wire,outdoor miner
979,,310,,,,the temptations,papa was a rolling stone
980,,311,,,,the beatles,ticket to ride
981,,312,,,,the verve,history
982,,313,,,,prince,1999
983,,314,,,,mc5,kick out the jams
984,,315,,,,jimi hendrix,all along the watchtower
985,,316,,,,pavement,here
986,,317,,,,yeah yeah yeahs,zero
987,,318,,,,johnny cash,ring of fire
988,,319,,,,funkadelic,one nation under a groove
989,,320,,,,cornershop,brimful of asha
990,,321,,,,small faces,itchycoo park
991,,322,,,,bjork,big time sensuality
992,,323,,,,dépêche mode,personal jesus
993,,324,,,,house of love,destroy the heart
994,,325,,,,billy holiday,strange fruit
995,,326,,,,marvin gaye,sexual healing
996,,327,,,,michael jackson,man in the mirror
997,,328,,,,the wedding present,my favourite dress
998,,329,,,,foals,"two steps, twice"
999,,330,,,,eels,novocaine for the soul
1000,,331,,,,massive attack,karmacoma
1001,,332,,,,buddy holly,rave on
1002,,333,,,,pet shop boys,go west
1003,,334,,,,the stone roses,she bangs the drums
1004,,335,,,,super furry animals,the man don't give a fuck
1005,,336,,,,the beatles,come together
1006,,337,,,,the kinks,all day and all of the night
1007,,338,,,,gorillaz,dare
1008,,339,,,,patti smith,because the night
1009,,340,,,,eminem,stan
1010,,341,,,,kelis,caught out there
1011,,342,,,,kasabian,club foot
1012,,343,,,,the mamas and the papas,california dreaming
1013,,344,,,,kanye west,runaway
1014,,345,,,,arctic monkeys,fluorescent adolescent
1015,,346,,,,yazoo,only you
1016,,347,,,,gorillaz,clint eastwood
1017,,348,,,,the byrds,eight miles high
1018,,349,,,,dépêche mode,just can't get enough
1019,,350,,,,amy winehouse,rehab
1020,,351,,,,modest mouse,float on
1021,,352,,,,simon and garfunkel,cecilia
1022,,353,,,,the chemical brothers,hey boy hey girl
1023,,355,,,,kelis,millionaire
1024,,356,,,,the cure,close to me
1025,,357,,,,the walker brothers,the sun ain't gonna shine any more
1026,,358,,,,ian dury and the blockheads,sex and drugs and rock and roll
1027,,359,,,,blur,for tomorrow
1028,,360,,,,the cure,pictures of you
1029,,361,,,,eric b & rakim,paid in full
1030,,362,,,,metallica,enter sandman
1031,,363,,,,credence clearwater revival,bad moon rising
1032,,364,,,,suede,killing of a flash boy
1033,,365,,,,sonic youth,teen age riot
1034,,366,,,,the cure,friday i'm in love
1035,,367,,,,a guy called gerald,voodoo ray
1036,,368,,,,my bloody valentine,you made me realise
1037,,369,,,,oasis,half a world away
1038,,370,,,,suede,the wild ones
1039,,371,,,,bjork,hyperballad
1040,,372,,,,public enemy,don't believe the hype
1041,,373,,,,arctic monkeys,brainstorm
1042,,374,,,,the human league,love action (i believe in)
1043,,375,,,,michael jackson,don't stop 'till you get enough
1044,,376,,,,jonathan richman & the modern lovers,roadrunner
1045,,377,,,,elton john,bennie and the jets
1046,,378,,,,nick cave & kylie minogue,where the wild roses grow
1047,,379,,,,the byrds,i'll feel a whole lot better
1048,,380,,,,arctic monkeys,piledriver waltz
1049,,381,,,,mgmt,kids
1050,,382,,,,the beatles,while my guitar gently weeps
1051,,383,,,,n*e*r*d,lapdance
1052,,384,,,,the slits,typical girls
1053,,385,,,,oasis,champagne supernoa
1054,,386,,,,pavement,cut your hair
1055,,387,,,,roy orbison,oh pretty woman
1056,,388,,,,the smiths,the boy with the thorn in his side
1057,,389,,,,blur,there's no other way
1058,,390,,,,paul simon,me & julio down in the school yard
1059,,391,,,,black sabbath,paranoid
1060,,392,,,,chaka khan,i feel for you
1061,,393,,,,blur,to the end
1062,,394,,,,the stranglers,no more heroes
1063,,395,,,,jamie t,sheila
1064,,396,,,,eminem,the real slim shady
1065,,397,,,,nick cave and the bad seeds,the mercy seat
1066,,398,,,,regina spektor,us
1067,,399,,,,oasis,slide away
1068,,400,,,,foo fighters,learn to fly
1069,,401,,,,the disposable heroes of hiphoprisy,"television, the drug of the nation"
1070,,402,,,,thin lizzy,the boys are back in town
1071,,403,,,,black grape,reverend black grape
1072,,404,,,,u2,where the streets have no name
1073,,405,,,,mia,bad girls
1074,,406,,,,alt-j,breezblocks
1075,,407,,,,ramones,sheena is a punk rocker
1076,,408,,,,arctic monkeys,fake tales of san francisco
1077,,409,,,,the ronettes,"baby, i love you"
1078,,410,,,,nine inch nails,hurt
1079,,411,,,,fugazi,waiting room
1080,,412,,,,friendly fires,paris
1081,,413,,,,elvis costello & the attractions,watching the detectives
1082,,414,,,,the only ones,"another girl, another planet"
1083,,415,,,,carly simon,you're so vain
1084,,416,,,,blur,chemical world
1085,,417,,,,tindersticks,marbles
1086,,418,,,,nirvana,come as you are
1087,,419,,,,the jam,start!
1088,,420,,,,coldplay,yellow
1089,,421,,,,neutral milk hotel,holland 1945
1090,,422,,,,the magnetic fields,the book of love
1091,,423,,,,guns 'n' roses,paradise city
1092,,424,,,,pj harvey,down by the water
1093,,425,,,,muse,plug in baby
1094,,426,,,,tame impala,elephant
1095,,427,,,,the hives,hate to say i told you so
1096,,428,,,,david bowie,golden years
1097,,429,,,,weezer,buddy holly
1098,,430,,,,althea and donna,uptown top ranking
1099,,431,,,,shirley and company,shame shame shame
1100,,432,,,,the verve,the drugs don't work
1101,,433,,,,at the drive-in,one armed scissor
1102,,434,,,,the kinks,sunny afternoon
1103,,435,,,,arctic monkeys,r u mine
1104,,436,,,,kings of leon,the bucket
1105,,437,,,,the specials,nelson mandela
1106,,438,,,,madonna,material girl
1107,,440,,,,beck,where it's at
1108,,441,,,,bobby fuller four,i fought the law
1109,,442,,,,roots manuva,witness (1 hope)
1110,,443,,,,pulp,sorted for e's & wiz
1111,,444,,,,leftfield,open up
1112,,445,,,,blur,popscene
1113,,446,,,,the rolling stones,tumbling dice
1114,,447,,,,pulp,do you remember the first time?
1115,,448,,,,coldplay,the scientist
1116,,449,,,,billy bragg,a new england
1117,,450,,,,the beatles,i am the walrus
1118,,451,,,,the chemical brothers,setting sun
1119,,452,,,,led zeppelin,whole lotta love
1120,,453,,,,the jam,town called malice
1121,,454,,,,the flaming lips,race for the prize
1122,,455,,,,blondie,one way or another
1123,,456,,,,snoop doggy dog,what's my name
1124,,457,,,,the prodigy,firestarter
1125,,458,,,,rihanna,umbrella
1126,,459,,,,iggy pop,lust for life
1127,,460,,,,r.e.m,it's the end of the world (and i feel fine)
1128,,461,,,,wings,live and let die
1129,,462,,,,the vaccines,if you wanna
1130,,463,,,,gloria gaynor,i will survive
1131,,464,,,,nirvana,about a girl
1132,,465,,,,mercury rev,goddess on a hiway
1133,,466,,,,salt 'n' peppa,push it
1134,,467,,,,teenage fanclub,star sign
1135,,468,,,,the coral,dreaming of you
1136,,469,,,,the national,buzzblood ohio
1137,,470,,,,primal scream,movin' on up
1138,,471,,,,guns 'n' roses,sweet child o' mine
1139,,472,,,,palma violets,best of friends
1140,,473,,,,the kinks,lola
1141,,474,,,,smashing pumpkins,disarm
1142,,475,,,,crazy,gnarls barkley
1143,,476,,,,john lennon,imagine
1144,,477,,,,dr dre,nothin' but a 'g' thing
1145,,478,,,,ac/dc,highway to hell
1146,,479,,,,the beach boys,wouldn't it be nice
1147,,480,,,,david bowie,ziggy stardust
1148,,481,,,,echo & the bunnymen,the killing moon
1149,,482,,,,franz ferdinand,darts of pleasure
1150,,483,,,,aphex twin,come to daddy
1151,,484,,,,oasis,some might say
1152,,485,,,,david bowie,starman
1153,,486,,,,bobby womack,across 110th street
1154,,487,,,,morrissey,suedehead
1155,,488,,,,the stranglers,golden brown
1156,,489,,,,nick cave and the bad seeds,red right hand
1157,,490,,,,the doors,riders on the storm
1158,,491,,,,johnny cash,one
1159,,492,,,,the strokes,new york city cops
1160,,493,,,,sugababes,overload
1161,,494,,,,r.e.m,everybody hurts
1162,,495,,,,gorky's zygotic mynci,patio song
1163,,496,,,,the jimi hendrix experience,hey joe
1164,,497,,,,primal scream,kill all hippies
1165,,498,,,,ash,girl from mars
1166,,499,,,,blur,out of time
1167,,500,,,,david bowie,five years
1168,,,,1.0,1942.0,bing crosby with the ken darby singers,white christmas
1169,,,,2.0,1982.0,michael jackson,billie jean
1170,,,,3.0,1975.0,queen,bohemian rhapsody
1171,,,,4.0,1991.0,nirvana,smells like teen spirit
1172,,,,5.0,1963.0,the beatles,i want to hold your hand
1173,,,,6.0,1968.0,marvin gaye,i heard it through the grapevine
1174,,,,7.0,1977.0,bee gees,stayin’ alive
1175,,,,8.0,1939.0,judy garland,over the rainbow
1176,,,,9.0,1990.0,sinéad o’connor,nothing compares 2 u
1177,,,,10.0,2003.0,outkast,hey ya!
1178,,,,11.0,1935.0,fred astaire & ginger rogers with leo reisman’s orchestra,cheek to cheek
1179,,,,12.0,1957.0,elvis presley,jailhouse rock
1180,,,,13.0,1958.0,chuck berry,johnny b. goode
1181,,,,14.0,1925.0,bessie smith with louis armstrong,st. louis blues
1182,,,,15.0,1972.0,stevie wonder,superstition
1183,,,,16.0,1945.0,les brown with doris day,sentimental journey
1184,,,,17.0,1959.0,ray charles,what’d i say
1185,,,,18.0,1963.0,the ronettes,be my baby
1186,,,,19.0,2008.0,beyoncé,single ladies (put a ring on it)
1187,,,,20.0,1957.0,buddy holly and the crickets,that’ll be the day
1188,,,,21.0,1966.0,the beach boys,god only knows
1189,,,,22.0,1928.0,paul robeson,ol’ man river
1190,,,,23.0,1951.0,les paul with mary ford,how high the moon
1191,,,,24.0,1961.0,patsy cline,crazy
1192,,,,25.0,2005.0,kanye west with jamie foxx,gold digger
1193,,,,26.0,1980.0,joy division,love will tear us apart
1194,,,,27.0,1969.0,the jackson 5,i want you back
1195,,,,28.0,1955.0,little richard,tutti frutti
1196,,,,29.0,1939.0,billie holiday,strange fruit
1197,,,,30.0,2009.0,lady gaga,bad romance
1198,,,,31.0,1964.0,the supremes,where did our love go
1199,,,,32.0,1931.0,cab calloway,minnie the moocher (the ho de ho song)
1200,,,,33.0,1983.0,new order,blue monday
1201,,,,34.0,1944.0,woody guthrie,this land is your land
1202,,,,35.0,1977.0,david bowie,heroes
1203,,,,36.0,1977.0,fleetwood mac,dreams
1204,,,,37.0,1986.0,prince,kiss
1205,,,,38.0,1932.0,duke ellington,it don’t mean a thing if it ain’t got that swing
1206,,,,39.0,2001.0,missy “misdemeanor” elliott,get ur freak on
1207,,,,40.0,1989.0,public enemy,fight the power
1208,,,,41.0,1971.0,the who,baba o’riley
1209,,,,42.0,1941.0,the andrews sisters,boogie woogie bugle boy
1210,,,,43.0,1969.0,the rolling stones,gimme shelter
1211,,,,44.0,1961.0,roy orbison,crying
1212,,,,45.0,1995.0,pulp,common people
1213,,,,46.0,1977.0,donna summer,i feel love
1214,,,,47.0,1951.0,hank williams,"cold, cold heart"
1215,,,,48.0,1928.0,the carter family,wildwood flower
1216,,,,49.0,1975.0,bruce springsteen,thunder road
1217,,,,50.0,1948.0,mahalia jackson,move on up a little higher
1218,,,,51.0,1964.0,stan getz & astrud gilberto,the girl from ipanema
1219,,,,52.0,1997.0,radiohead,paranoid android
1220,,,,53.0,1980.0,george jones,he stopped loving her today
1221,,,,54.0,1965.0,bob dylan,subterranean homesick blues
1222,,,,55.0,1978.0,ramones,i wanna be sedated
1223,,,,56.0,1931.0,louis armstrong,stardust
1224,,,,57.0,1996.0,tupac shakur (2pac) with dr. dre & roger troutman,california love
1225,,,,58.0,1969.0,"crosby, stills & nash",suite: judy blue eyes
1226,,,,59.0,1970.0,james brown,"get up, i feel like being a sex machine"
1227,,,,60.0,1955.0,johnny cash,folsom prison blues
1228,,,,61.0,2004.0,jay-z,99 problems
1229,,,,62.0,1987.0,r.e.m.,it’s the end of the world as we know it (and i feel fine)
1230,,,,63.0,1978.0,boney m,rivers of babylon
1231,,,,64.0,1970.0,black sabbath,iron man
1232,,,,65.0,1942.0,spike jones,der fuehrere’s face
1233,,,,66.0,1942.0,lena horne,stormy weather (keeps rainin' all the time)
1234,,,,67.0,1967.0,aretha franklin,i never loved a man the way i love you
1235,,,,68.0,1956.0,frank sinatra,i’ve got you under my skin
1236,,,,69.0,1984.0,madonna,borderline
1237,,,,70.0,1970.0,loretta lynn,coal miner’s daughter
1238,,,,71.0,1973.0,dolly parton,jolene
1239,,,,72.0,1930.0,ethel merman,i got rhythm
1240,,,,73.0,1978.0,funkadelic,one nation under a groove
1241,,,,74.0,1928.0,al jolson,my mammy
1242,,,,75.0,1969.0,the band,the night they drove old dixie down
1243,,,,76.0,1970.0,led zeppelin,immigrant song
1244,,,,77.0,1965.0,otis redding,i’ve been loving you too long
1245,,,,78.0,1986.0,metallica,master of puppets
1246,,,,79.0,1952.0,kitty wells,it wasn’t god who made honky-tonk angels
1247,,,,80.0,1944.0,betty hutton,it had to be you
1248,,,,81.0,1994.0,the notorious b.i.g.,juicy
1249,,,,82.0,2005.0,arcade fire,wake up
1250,,,,83.0,1937.0,ray heatherton,where or when
1251,,,,84.0,1949.0,ella fitzgerald,baby it’s cold outside
1252,,,,85.0,2010.0,janelle monáe with big boi,tightrope
1253,,,,86.0,1974.0,big star,september gurls
1254,,,,87.0,1994.0,wu-tang clan,c.r.e.a.m. (cash rules everything around me)
1255,,,,88.0,1970.0,velvet underground,rock and roll
1256,,,,89.0,1971.0,joni mitchell,a case of you
1257,,,,90.0,2007.0,lcd soundsystem,all my friends
1258,,,,91.0,1990.0,pet shop boys,being boring
1259,,,,92.0,1992.0,a tribe called quest with busta rhymes,scenario
1260,,,,93.0,1991.0,richard thompson,1952 vincent black lightning
1261,,,,94.0,1971.0,bonnie raitt,angel from montgomery
1262,,,,95.0,1968.0,willie mae “big mama’ thornton,ball and chain
1263,,,,96.0,1976.0,fela kuti,zombie
1264,,,,97.0,1977.0,peter tosh,equal rights
1265,,,,98.0,1955.0,odetta holmes,take this hammer
1266,,,,99.0,1992.0,lucinda williams,pineola
1267,,,,100.0,2006.0,lil wayne,georgia bush
