,rs_rank,nme_rank,t_rank,artist,song,year,hp_status,user_rating,consolidated_score
0,,40,61,jay-z,99 problems,,1,4,
1,,91,90,lcd soundsystem,all my friends,,1,7,
2,340,,41,the who,baba o'riley,1971,1,7,
3,126,,95,big joe turner,"shake, rattle and roll",1954,1,2,
4,22,9,18,the ronettes,be my baby,1963,1,2,
5,58,57,2,michael jackson,billie jean,1983,1,2,
6,,8,33,new order,blue monday,,1,1,
7,163,,3,queen,bohemian rhapsody,1975,1,4,
8,346,,57,tupac shakur,california love,1996,1,8,
9,,6,45,pulp,common people,,1,3,
10,85,203,24,patsy cline,crazy,1961,1,1,
11,69,,44,roy orbison,crying,1961,1,3,
12,322,95,40,public enemy,fight the power,1989,1,8,
13,164,,60,johnny cash,folsom prison blues,1956,1,9,
14,326,225,59,james brown,get up (i feel like being a) sex machine,1970,1,4,
15,,86,39,missy elliott,get yr freak on,,1,7,
16,38,29,43,the rolling stones,gimme shelter,1969,1,2,
17,25,14,21,the beach boys,god only knows,1966,1,6,
18,,93,25,kanye west,gold digger,,1,1,
19,270,,53,george jones,he stopped loving her today,1980,1,1,
20,46,15,35,david bowie,heroes,1977,1,6,
21,180,18,10,outkast,hey ya,2003,1,8,
22,411,3,46,donna summer,i feel love,1977,1,9,
23,80,46,6,marvin gaye,i heard it through the grapevine,1968,1,7,
24,186,,67,aretha franklin,never loved a man (the way i love you),1967,1,2,
25,144,,55,the ramones,i wanna be sedated,1978,1,7,
26,16,156,5,the beatles,i want zo hold your hand,1963,1,2,
27,120,163,27,the jackson 5,i want you back,1969,1,7,
28,310,,64,black sabbath,iron man,1971,1,6,
29,,460,62,r.e.m,it's the end of the world (and i feel fine),,1,3,
30,110,,77,otis redding,i've been loving you too long,1965,1,6,
31,67,235,12,elvis presley,jailhouse rock,1958,1,7,
32,7,,13,chuck berry,johnny b. goode,1958,1,7,
33,217,,71,dolly parton,jolene,1974,1,4,
34,461,,37,prince and the revolution,kiss,1986,1,6,
35,179,2,26,joy division,love will tear us apart,1980,1,5,
36,162,38,9,sinead o'connor,nothing compares 2 u,1990,1,5,
37,474,319,73,funkadelic,one nation under a groove (part. 1),1978,1,4,
38,256,45,52,radiohead,paranoid android,1997,1,3,
39,178,,86,big star,september girls,1974,1,6,
40,9,1,4,nirvana,smells like teen spirit,1991,1,9,
41,189,,7,the bee gees,stayin' alive,1977,1,6,
42,,325,29,billy holiday,strange fruit,,1,4,
43,332,186,54,bob dylan,subterranean homesick blues,1965,1,2,
44,418,,58,"crosby, stills & nash",suite judy blue eyes,1969,1,5,
45,74,103,15,stevie wonder,superstition,1973,1,5,
46,39,,20,"holly, buddy",that'll be the day,1957,1,7,
47,245,,75,the band,the night they drove old dixie down,1969,1,8,
48,86,,49,bruce springsteen,thunder road,1975,1,2,
49,43,,28,little richard,tutti frutti,1956,1,5,
50,,25,82,arcade fire,wake up,,1,3,
51,10,,17,ray charles,what'd i say (part 1&2),1959,1,8,
52,472,,31,the supremes,where did our love go,1964,1,7,
53,397,232,,blue oyster cult,(don`t fear) the reaper,1976,1,3,
54,212,313,,prince,1999,1982,1,1,
55,12,129,,sam cooke,a change is gonna come,1964,1,9,
56,26,17,,the beatles,a day in a life,1967,1,5,
57,48,315,,jimi hendrix,all along the watchtower,1968,1,2,
58,253,149,,mott the hoople,all the young dudes,1972,1,7,
59,436,141,,love,alone again or,1967,1,8,
60,53,84,,sex pistols,anarchy in the u.k.,1976,1,4,
61,435,107,,the rolling stones,beast of burden,1981,1,8,
62,382,115,,the verve,bitter sweet symphony,1997,1,7,
63,92,237,,the ramones,blitzkrieg bop,1976,1,3,
64,21,54,,bruce springsteen,born to run,1975,1,5,
65,497,429,,weezer,buddy holly,1994,1,7,
66,89,343,,the mamas and the papas,california dreamin',1967,1,5,
67,127,162,,david bowie,changes,1971,1,9,
68,445,418,,nirvana,come as you are,1992,1,3,
69,202,336,,the beatles,come together,1969,1,6,
70,361,83,,the clash,complete control,1979,1,8,
71,40,152,,martha & the vandellas,dancing in the street,1964,1,5,
72,150,348,,the byrds,eight miles high,1966,1,2,
73,137,11,,the beatles,eleanor rigby,1966,1,2,
74,399,362,,metallica,enter sandman,1991,1,1,
75,376,302,,radiohead,fake plastic trees,1996,1,4,
76,138,294,,sly and the family stone,family affair,1971,1,8,
77,173,27,,the sex pistols,god save the queen,1977,1,9,
78,6,10,,the beach boys,good vibrations,1966,1,7,
79,181,169,,booker t & mgs,green onions,1962,1,3,
80,259,89,,jeff buckley,hallelujah,1994,1,2,
81,255,19,,blondie,heart of glass,1978,1,3,
82,198,496,,jimi hendrix,hey joe,1966,1,5,
83,8,77,,the beatles,hey jude,1968,1,2,
84,254,478,,ac/dc,highway to hell,1979,1,3,
85,19,263,,elvis presley,hound dog,1956,1,5,
86,486,4,,the smiths,how soon is now,1984,1,2,
87,258,182,,the who,i can see for miles,1967,1,6,
88,175,441,,bobby fuller four,i fought the law,1966,1,2,
89,489,463,,gloria gaynor,i will survive,1978,1,9,
90,234,379,,the byrds,i'll feel a whole lot better,1965,1,1,
91,159,201,,lou reed the velvet underground,i'm waiting for the man,1967,1,2,
92,3,476,,john lennon,imagine,1971,1,4,
93,23,17,,the beatles,in my life,1965,1,8,
94,123,288,,james brown,it's a man's man's world,1966,1,9,
95,124,131,,rolling stones,jumpin' jack flash,1968,1,7,
96,400,124,,paul revere & the raiders,kicks,1966,1,9,
97,35,199,,the doors,light my fire,1967,1,8,
98,300,47,,madonna,like a prayer,1989,1,2,
99,1,49,,bob dylan,like a rolling stone,1961,1,8,
100,422,473,,the kinks,lola,1970,1,3,
101,15,32,,the clash,london calling,1980,1,2,
102,166,88,,eminem,lose yourself,2002,1,2,
103,169,101,,r.e.m.,losing my religion,1991,1,5,
104,55,157,,the kingsmen,louie louie,1963,1,5,
105,147,459,,iggy pop,lust for life,1977,1,9,
106,410,197,,pixies,monkey gone to heaven,1989,1,3,
107,11,70,,the who,my generation,1965,1,7,
108,454,270,,george harrison,my sweet lord,1970,1,4,
109,37,139,,bob marley,no woman no cry,1975,1,7,
110,358,191,,martha reeves and the vandellas,nowhere to run,1965,1,2,
111,419,477,,dr. dre,nuthin' but a 'g' thang,1993,1,4,
112,222,387,,roy orbison,oh pretty woman,1964,1,9,
113,298,455,,blondie,one way or another,1978,1,6,
114,174,136,,rolling stones,paint it black,1966,1,7,
115,168,310,,the temptations,papa was a rollin' stone,1972,1,2,
116,72,154,,james brown,papa's got a brand new bag,1966,1,4,
117,453,423,,guns ‘n' roses,paradise city,1987,1,6,
118,250,391,,black sabbath,paranoid,1970,1,6,
119,368,323,,depeche mode,personal jesus,1989,1,4,
120,278,360,,the cure,pictures of you,1989,1,6,
121,17,159,,jimmy hendrix,purple haze,1967,1,7,
122,143,123,,prince,purple rain,1984,1,3,
123,440,466,,salt-n-pepa,push it,1987,1,5,
124,379,212,,r.e.m.,radio free europe,1991,1,7,
125,154,332,,buddy holly,rave on,1958,1,4,
126,206,274,,the four tops,reach out i'll be there,1966,1,9,
127,5,226,,aretha franklin,respect,1967,1,6,
128,87,318,,johnny cash,ring of fire,1963,1,6,
129,33,37,,tina turner,river deep - mountain high,1966,1,4,
130,269,376,,the modern lovers,roadrunner,1976,1,3,
131,146,358,,the b-52's,rock lobster,1979,1,8,
132,97,177,,chuck berry,roll over beethoven,1956,1,3,
133,475,56,,beastie boys,sabotage,1994,1,7,
134,231,326,,marvin gaye,sexual healing,1982,1,7,
135,64,280,,the beatles,she loves you,1963,1,3,
136,457,407,,ramones,sheena is a punk rocker,1977,1,4,
137,28,150,,otis redding,sitting on the dock of the bay,1968,1,2,
138,273,304,,the beatles,something,1969,1,9,
139,240,161,,dusty springfield,son of a preacher man,1968,1,9,
140,290,340,,eminem feat. dido,stan,2000,1,6,
141,121,65,,ben e. king,stand by me,1961,1,7,
142,76,35,,the beatles,strawberry fields forever,1967,1,8,
143,295,69,,the rolling stones,street fighting man,1968,1,8,
144,91,58,,elvis presley,suspicious minds,1969,1,6,
145,196,471,,guns n roses,sweet child o mine,1987,1,3,
146,335,115,,"lou reed, the velvet underground",sweet jane,1970,1,9,
147,32,227,,the rolling stones,sympathy for the devil,1968,1,4,
148,68,277,,bob dylan,tangled up in blue,1975,1,7,
149,402,9,,sly and the family stone,thank you (falettinme be mice elf again),1970,1,3,
150,499,402,,thin lizzy,the boys are back in town,1976,1,8,
151,51,97,,grandmaster flash,the message,1980,1,1,
152,50,178,,smokey robinson & the miracles,the tracks of my tears,1965,1,8,
153,384,311,,the beatles,ticket to ride,1965,1,7,
154,387,158,,elton john,tiny dancer,1972,1,7,
155,292,69,,the clash,train in vain,1979,1,3,
156,424,446,,the rolling stones,tumbling dice,1972,1,5,
157,101,246,,jimi hendrix,voodoo child,1968,1,1,
158,221,50,,lou reed,walk on the wild side,1972,1,7,
159,287,258,,run dmc,walk this way,1986,1,9,
160,336,258,,aerosmith & run dmc,walk this way,1976,1,8,
161,354,413,,elvis costello,watching the detectives,1977,1,9,
162,42,23,,the kinks,waterloo sunset,1968,1,6,
163,4,202,,marvin gaye,what’s going on,1971,1,5,
164,52,113,,prince,when doves cry,1984,1,7,
165,135,382,,the beatles,while my guitar gently weeps,1968,1,1,
166,430,69,,the clash,white man in hammersmith palais,1978,1,5,
167,348,12,,the isley brothers,who's that lady,1973,1,8,
168,75,452,,led zeppelin,whole lotta love,1969,1,4,
169,192,130,,glen campbell,wichita lineman,1968,1,5,
170,133,175,,the who,won't get fooled again,1971,1,3,
171,100,297,,rolling stones,you can’t always get what you want,1969,1,4,
172,339,211,,diana ross & the supremes,you keep me hangin' on,1966,1,9,
173,82,219,,the kinks,you really got me,1964,1,7,
174,481,62,,david bowie,young americans,1975,1,6,
175,277,480,,david bowie,ziggy stardust,1972,1,4,
176,1,1961,,bob dylan,like a rolling stone,,1,6,
177,2,1965,,the rolling stones,satisfaction,,1,2,
178,3,1971,,john lennon,imagine,,1,1,
179,4,1971,,marvin gaye,what’s going on,,1,4,
180,5,1967,,aretha franklin,respect,,1,8,
181,6,1966,,the beach boys,good vibrations,,1,6,
182,7,1958,,chuck berry,johnny b. goode,,1,4,
183,8,1968,,the beatles,hey jude,,1,6,
184,9,1991,,nirvana,smells like teen spirit,,1,8,
185,10,1959,,ray charles,what'd i say (part 1&2),,1,8,
186,11,1965,,the who,my generation,,1,5,
187,12,1964,,sam cooke,a change is gonna come,,1,8,
188,13,1965,,the beatles,yesterday,,1,5,
189,14,1963,,bob dylan,blowin' in the wind,,1,7,
190,15,1980,,the clash,london calling,,1,4,
191,16,1963,,the beatles,i want zo hold your hand,,1,1,
192,17,1967,,jimmy hendrix,purple haze,,1,1,
193,18,1955,,chuck berry,maybellene,,1,7,
194,19,1956,,elvis presley,hound dog,,1,6,
195,20,1970,,the beatles,let it be,,1,2,
196,21,1975,,bruce springsteen,born to run,,1,8,
197,22,1963,,the ronettes,be my baby,,1,4,
198,23,1965,,the beatles,in my life,,1,5,
199,24,1965,,the impressions,people get ready,,1,1,
200,25,1966,,the beach boys,god only knows,,1,1,
201,26,1967,,the beatles,a day in a life,,1,1,
202,27,1970,,derek and the dominos,layla,,1,3,
203,28,1968,,otis redding,sitting on the dock of the bay,,1,2,
204,29,1965,,the beatles,help,,1,3,
205,30,1956,,johnny cash,i walk the line,,1,9,
206,31,1971,,led zeppelin,stairway to heaven,,1,9,
207,32,1968,,the rolling stones,sympathy for the devil,,1,8,
208,33,1966,,tina turner,river deep - mountain high,,1,6,
209,34,1964,,the righteous brothers,you've lost that lovin' feelin',,1,4,
210,35,1967,,the doors,light my fire,,1,6,
211,36,1991,,u2,one,,1,8,
212,37,1975,,bob marley,no woman no cry,,1,2,
213,38,1969,,the rolling stones,gimme shelter,,1,4,
214,39,1957,,"holly, buddy",that'll be the day,,1,4,
215,40,1964,,martha & the vandellas,dancing in the street,,1,1,
216,41,1968,,the band,the weight,,1,1,
217,42,1968,,the kinks,waterloo sunset,,1,3,
218,43,1956,,little richard,tutti frutti,,1,1,
219,44,1960,,ray charles,georgia on my mind,,1,2,
220,45,1956,,elvis presley,heartbreak hotel,,1,9,
221,46,1977,,david bowie,heroes,,1,8,
222,47,1970,,simon and garfunkel,bridge over troubled water,,1,4,
223,48,1968,,jimi hendrix,all along the watchtower,,1,5,
224,49,1976,,the eagles,hotel california,,1,2,
225,50,1965,,smokey robinson & the miracles,the tracks of my tears,,1,7,
226,51,1980,,grandmaster flash,the message,,1,7,
227,52,1984,,prince,when doves cry,,1,5,
228,53,1976,,sex pistols,anarchy in the u.k.,,1,6,
229,54,1966,,percy sledge,when a man loves a woman,,1,7,
230,55,1963,,the kingsmen,louie louie,,1,3,
231,56,1956,,little richard,long tall sally,,1,5,
232,57,1967,,procol harum,a whiter shade of pale,,1,4,
233,58,1983,,michael jackson,billie jean,,1,7,
234,59,1964,,bob dylan,the times they are a changin',,1,3,
235,60,1971,,al green,let's stay together,,1,5,
236,61,1957,,jerry lee lewis,whole lotta shakin' going on,,1,2,
237,62,1955,,bo diddley,bo diddley,,1,1,
238,63,1967,,buffalo springfield,for what it's worth,,1,7,
239,64,1963,,the beatles,she loves you,,1,7,
240,65,1968,,cream,sunshine of your love,,1,5,
241,66,1980,,bob marley,redemption song,,1,1,
242,67,1958,,elvis presley,jailhouse rock,,1,6,
243,68,1975,,bob dylan,tangled up in blue,,1,8,
244,69,1961,,roy orbison,crying,,1,4,
245,70,1964,,dionne warwick,walk on by,,1,1,
246,71,1965,,the beach boys,california girls,,1,2,
247,72,1966,,james brown,papa's got a brand new bag,,1,8,
248,73,1958,,eddie cochran,summertime blues,,1,4,
249,74,1973,,stevie wonder,superstition,,1,1,
250,75,1969,,led zeppelin,whole lotta love,,1,8,
251,76,1967,,the beatles,strawberry fields forever,,1,2,
252,77,1955,,elvis presley,mystery train,,1,8,
253,78,1966,,james brown,i got you (i feel good),,1,2,
254,79,1965,,the byrds,mr. tambourine man,,1,5,
255,80,1968,,marvin gaye,i heard it through the grapevine,,1,3,
256,81,1956,,fats domino,blueberry hill,,1,4,
257,82,1964,,the kinks,you really got me,,1,2,
258,83,1965,,the beatles,norwegian wood,,1,6,
259,84,1983,,the police,every breath you take,,1,4,
260,85,1961,,patsy cline,crazy,,1,9,
261,86,1975,,bruce springsteen,thunder road,,1,2,
262,87,1963,,johnny cash,ring of fire,,1,6,
263,88,1965,,the temptations,my girl,,1,6,
264,89,1967,,the mamas and the papas,california dreamin',,1,3,
265,90,1956,,the five satins,in the still of the night,,1,8,
266,91,1969,,elvis presley,suspicious minds,,1,5,
267,92,1976,,the ramones,blitzkrieg bop,,1,8,
268,93,1987,,u2,i still haven't found what i am looking,,1,3,
269,94,1958,,little richard,good golly miss molly,,1,6,
270,95,1956,,carl perkins,blue suede shoes,,1,2,
271,96,1957,,jerry lee lewis,great balls of fire,,1,7,
272,97,1956,,chuck berry,roll over beethoven,,1,6,
273,98,1972,,al green,love and happiness,,1,6,
274,99,1970,,ccr,fortunate son,,1,2,
275,100,1969,,rolling stones,you can’t always get what you want,,1,1,
276,101,1968,,jimi hendrix,voodoo child,,1,1,
277,102,1956,,gene vincent and his blue caps,be bop a lula,,1,8,
278,103,1979,,donna summer,hot stuff,,1,7,
279,104,1973,,stevie wonder,living for the city,,1,8,
280,105,1969,,simon and garfunkel,the boxer,,1,1,
281,106,1965,,bob dylan,mr. tambourine man,,1,9,
282,107,1957,,buddy holly,not fade away,,1,7,
283,108,1983,,prince,little red corvette,,1,1,
284,109,1967,,van morrison,brown eyed girl,,1,5,
285,110,1965,,otis redding,i've been loving you too long,,1,8,
286,111,1949,,"hank williams, sr.",i'm so lonesome i could cry,,1,2,
287,112,1954,,elvis presley,that's all right,,1,6,
288,113,1962,,the drifters,up on the roof,,1,6,
289,114,1963,,the crystals,da doo ron ron,,1,3,
290,115,1957,,sam cooke,you send me,,1,4,
291,116,1969,,rolling stones,honky tonk woman,,1,5,
292,117,1974,,al green,take me to the river,,1,2,
293,118,1959,,the isley brothers,shout (part 1 & 2),,1,2,
294,119,1977,,fleetwood mac,go your own way,,1,6,
295,120,1969,,the jackson 5,i want you back,,1,4,
296,121,1961,,ben e. king,stand by me,,1,6,
297,122,1964,,the animals,house of the rising sun,,1,2,
298,123,1966,,james brown,it's a man's man's world,,1,5,
299,124,1968,,rolling stones,jumpin' jack flash,,1,9,
300,125,1960,,the shirelles,will you love me tomorrow,,1,8,
301,126,1954,,big joe turner,"shake, rattle and roll",,1,5,
302,127,1971,,david bowie,changes,,1,7,
303,128,1957,,chuck berry,rock and roll music,,1,2,
304,129,1968,,steppenwolf,born to be wild,,1,6,
305,130,1971,,rod stewart,maggie may,,1,3,
306,131,1987,,u2,with or without you,,1,2,
307,132,1957,,bo diddley,who do you love,,1,7,
308,133,1971,,the who,won't get fooled again,,1,2,
309,134,1965,,wilson picket,in the midnight hour,,1,2,
310,135,1968,,the beatles,while my guitar gently weeps,,1,5,
311,136,1970,,elton john,your song,,1,2,
312,137,1966,,the beatles,eleanor rigby,,1,9,
313,138,1971,,sly and the family stone,family affair,,1,4,
314,139,1964,,the beatles,i saw her standing there,,1,9,
315,140,1975,,led zeppelin,kashmir,,1,5,
316,141,1958,,the everly brothers,all i have to do is dream,,1,1,
317,142,1956,,james brown,"please, please, please",,1,4,
318,143,1984,,prince,purple rain,,1,1,
319,144,1978,,the ramones,i wanna be sedated,,1,4,
320,145,1968,,sly & family stone,everyday people,,1,3,
321,146,1979,,the b-52's,rock lobster,,1,5,
322,147,1977,,iggy pop,lust for life,,1,1,
323,148,1971,,janis joplin,me and bobby mcgee,,1,9,
324,149,1960,,the everly brothers,cathy's clown,,1,6,
325,150,1966,,the byrds,eight miles high,,1,8,
326,151,1954,,the penguins,earth angel,,1,1,
327,152,1965,,jimi hendrix,foxy lady,,1,3,
328,153,1964,,the beatles,hard day's night,,1,8,
329,154,1958,,buddy holly,rave on,,1,1,
330,155,1969,,ccr,proud mary,,1,9,
331,156,1965,,simon & garfunkel,the sound of silence,,1,3,
332,157,1959,,the flamingos,i only have eyes for you,,1,5,
333,158,1954,,bill haley,rock around the clock,,1,3,
334,159,1967,,lou reed the velvet underground,i'm waiting for the man,,1,6,
335,160,1988,,public enemy ft. anthrax,bring the noise,,1,9,
336,161,1962,,ray charles,i can't stop loving you,,1,4,
337,162,1990,,sinead o'connor,nothing compares 2 u,,1,5,
338,163,1975,,queen,bohemian rhapsody,,1,5,
339,164,1956,,johnny cash,folsom prison blues,,1,8,
340,165,1988,,tracy chapman,fast car,,1,5,
341,166,2002,,eminem,lose yourself,,1,8,
342,167,1973,,marvin gaye,let’s get it on,,1,3,
343,168,1972,,the temptations,papa was a rollin' stone,,1,4,
344,169,1991,,r.e.m.,losing my religion,,1,6,
345,170,1969,,joni mitchell,both sides now,,1,4,
346,171,1976,,abba,dancing queen,,1,2,
347,172,1973,,aerosmith,dream on,,1,4,
348,173,1977,,the sex pistols,god save the queen,,1,5,
349,174,1966,,rolling stones,paint it black,,1,9,
350,175,1966,,bobby fuller four,i fought the law,,1,7,
351,176,1964,,the beach boys,don't worry baby,,1,5,
352,177,1989,,tom petty,free fallin',,1,6,
353,178,1974,,big star,september girls,,1,4,
354,179,1980,,joy division,love will tear us apart,,1,9,
355,180,2003,,outkast,hey ya,,1,5,
356,181,1962,,booker t & mgs,green onions,,1,4,
357,182,1960,,drifters,save the last dance for me,,1,9,
358,183,1969,,bb king,the thrill is gone,,1,6,
359,184,1964,,the beatles,"please, please me",,1,6,
360,185,1965,,bob dylan,desolation row,,1,2,
361,186,1967,,aretha franklin,never loved a man (the way i love you),,1,1,
362,187,1980,,ac/dc,back in black,,1,8,
363,188,1970,,ccr,who'll stop the rain,,1,5,
364,189,1977,,the bee gees,stayin' alive,,1,7,
365,190,1973,,bob dylan,knocking on heavens door,,1,9,
366,191,1973,,lynyrd skynyrd,free bird,,1,2,
367,192,1968,,glen campbell,wichita lineman,,1,9,
368,193,1959,,the drifters,there goes my baby,,1,1,
369,194,1957,,buddy holly,peggy sue,,1,7,
370,195,1957,,the chantels,maybe,,1,8,
371,196,1987,,guns n roses,sweet child o mine,,1,3,
372,197,1956,,elvis presley,don't be cruel,,1,9,
373,198,1966,,jimi hendrix,hey joe,,1,5,
374,199,1977,,parliament funkadelic,flashlight,,1,6,
375,200,1993,,beck,loser,,1,6,
376,201,1986,,new order,bizarre love triangle,,1,4,
377,202,1969,,the beatles,come together,,1,5,
378,203,1965,,bob dylan,positively 4th street,,1,7,
379,204,1966,,otis redding,try a little tenderness,,1,5,
380,205,1972,,bill withers,lean on me,,1,1,
381,206,1966,,the four tops,reach out i'll be there,,1,9,
382,207,1957,,the everly brothers,bye bye love,,1,5,
383,208,1965,,them,gloria,,1,6,
384,209,1963,,the beach boys,in my room,,1,1,
385,210,1966,,question mark and the mysterians,96 tears,,1,5,
386,211,1966,,the beach boys,caroline no,,1,9,
387,212,1982,,prince,1999,,1,9,
388,213,1953,,hank williams sr.,your cheating heart,,1,4,
389,214,1989,,neil young,rockin' in the free world,,1,1,
390,215,1954,,the chords,sh-boom,,1,7,
391,216,1965,,the lovin' spoonful,do you believe in magic,,1,1,
392,217,1974,,dolly parton,jolene,,1,3,
393,218,1963,,john lee hooker,boom boom,,1,9,
394,219,1960,,howlin' wolf,spoonful,,1,6,
395,220,1966,,the left banke,walk away renee,,1,6,
396,221,1972,,lou reed,walk on the wild side,,1,4,
397,222,1964,,roy orbison,oh pretty woman,,1,6,
398,223,1968,,sly & the family stone,dance to the music,,1,4,
399,224,1979,,chic,good times,,1,6,
400,225,1954,,muddy waters,hoochie coochie man,,1,3,
401,226,1970,,van morrison,moondance,,1,3,
402,227,1970,,james taylor,fire and rain,,1,9,
403,228,1982,,the clash,should i stay or should i go,,1,2,
404,229,1955,,muddy waters,mannish boy,,1,4,
405,230,1966,,bob dylan,just like a woman,,1,7,
406,231,1982,,marvin gaye,sexual healing,,1,8,
407,232,1960,,roy orbison,only the lonely,,1,5,
408,233,1965,,the animals,we`ve gotta get out of this place,,1,3,
409,234,1965,,the byrds,i'll feel a whole lot better,,1,4,
410,235,1954,,ray charles,i got a woman,,1,4,
411,236,1957,,buddy holly,everyday,,1,2,
412,237,1982,,afrika bambaataa,planet rock,,1,9,
413,238,1961,,patsy cline,i fall to pieces,,1,1,
414,239,1961,,dion,the wanderer,,1,6,
415,240,1968,,dusty springfield,son of a preacher man,,1,5,
416,241,1969,,sly & the family stone,stand!,,1,4,
417,242,1972,,elton john,rocket man,,1,5,
418,243,1989,,the b 52s,love shack,,1,2,
419,244,1966,,the spencer davis group,gimme some lovin',,1,9,
420,245,1969,,the band,the night they drove old dixie down,,1,7,
421,246,1967,,jackie wilson,higher and higher,,1,8,
422,247,1969,,sly and the family stone,hot fun in the summertime,,1,1,
423,248,1979,,sugarhill gang,rappers delight,,1,8,
424,249,1967,,aretha franklin,chain of fools,,1,7,
425,250,1970,,black sabbath,paranoid,,1,9,
426,251,1959,,bobby darin,mack the knife,,1,8,
427,252,1953,,the drifters,money honey,,1,9,
428,253,1972,,mott the hoople,all the young dudes,,1,3,
429,254,1979,,ac/dc,highway to hell,,1,1,
430,255,1978,,blondie,heart of glass,,1,3,
431,256,1997,,radiohead,paranoid android,,1,9,
432,257,1966,,the troggs,wild thing,,1,8,
433,258,1967,,the who,i can see for miles,,1,9,
434,259,1994,,jeff buckley,hallelujah,,1,4,
435,260,1969,,the dells,"oh, what a night",,1,2,
436,261,1973,,stevie wonder,higher ground,,1,3,
437,262,1965,,smokey robinson & the miracles,ooo baby baby,,1,4,
438,263,1962,,the crystals,he's a rebel,,1,2,
439,264,1972,,randy newman,sail away,,1,7,
440,265,1968,,archie bell,tighten' up,,1,8,
441,266,1964,,the ronettes,walking in the rain,,1,4,
442,267,1973,,new york dolls,personality crisis,,1,6,
443,268,1983,,u2,sunday bloody sunday,,1,8,
444,269,1976,,the modern lovers,roadrunner,,1,2,
445,270,1980,,george jones,he stopped loving her today,,1,3,
446,271,1966,,the beach boys,sloop john b,,1,8,
447,272,1958,,chuck berry,sweet little sixteen,,1,4,
448,273,1969,,the beatles,something,,1,5,
449,274,1967,,jefferson airplane,somebody to love,,1,2,
450,275,1984,,bruce springsteen,born in the usa,,1,2,
451,276,1972,,the staple singers,i'll take you there,,1,7,
452,277,1972,,david bowie,ziggy stardust,,1,7,
453,278,1989,,the cure,pictures of you,,1,6,
454,279,1964,,the dixie cups,chapel of love,,1,9,
455,280,1971,,bill withers,ain’t no sunshine,,1,3,
456,281,1972,,stevie wonder,you are the sunshine of my life,,1,4,
457,282,1974,,joni mitchell,help me,,1,5,
458,283,1980,,blondie,call me,,1,4,
459,284,1979,,elvis costello,"what's so funny about peace, love & …",,1,8,
460,285,1965,,howlin' wolf,smoke stack lightnin',,1,1,
461,286,1992,,pavement,summer babe,,1,6,
462,287,1986,,run dmc,walk this way,,1,4,
463,288,1960,,barrett strong,money (that's what i want),,1,6,
464,289,1964,,the beatles,can't buy me love,,1,2,
465,290,2000,,eminem feat. dido,stan,,1,6,
466,291,1964,,the zombies,she's not there,,1,9,
467,292,1979,,the clash,train in vain,,1,1,
468,293,1971,,al green,tired of being alone,,1,1,
469,294,1971,,led zeppelin,black dog,,1,4,
470,295,1968,,the rolling stones,street fighting man,,1,9,
471,296,1975,,bob marley,"get up, stand up",,1,5,
472,297,1972,,neil young,heart of gold,,1,1,
473,298,1978,,blondie,one way or another,,1,6,
474,299,1987,,prince,sign 'o' the times,,1,9,
475,300,1989,,madonna,like a prayer,,1,8,
476,301,1978,,rod stewart,da ya think i'm sexy,,1,7,
477,302,1975,,willie nelson,blue eyes crying in the rain,,1,5,
478,303,1967,,the rolling stones,ruby tuesday,,1,9,
479,304,1967,,the beatles,with a little help from my friends,,1,7,
480,305,1968,,james brown,say it loud i'm black and i'm proud,,1,4,
481,306,1980,,the jam,that's entertainment,,1,2,
482,307,1956,,franky lymon,why do fools fall in love,,1,8,
483,308,1958,,jackie wilson,lonely teardrops,,1,2,
484,309,1984,,tina turner,what's love got to do with it,,1,8,
485,310,1971,,black sabbath,iron man,,1,6,
486,311,1957,,the everly brothers,wake up little susie,,1,7,
487,312,1963,,roy orbison,in dreams,,1,7,
488,313,1956,,screamin' jay hawkins,i put a spell on you,,1,7,
489,314,1979,,pink floyd,comfortably numb,,1,2,
490,315,1965,,the animals,don't let me be misunderstood,,1,6,
491,316,1975,,pink floyd,wish you were here,,1,9,
492,317,1969,,jimmy cliff,many rivers to cross,,1,1,
493,318,1977,,elvis costello,alison,,1,1,
494,319,1972,,alice cooper,schools out,,1,3,
495,320,1969,,led zeppelin,heartbreaker,,1,3,
496,321,1975,,neil young,cortez the killer,,1,9,
497,322,1989,,public enemy,fight the power,,1,4,
498,323,1979,,patti smith,dancing barefoot,,1,9,
499,324,1964,,diana ross & the supremes,baby love,,1,8,
500,325,1966,,the rascals,good lovin,,1,8,
501,326,1970,,james brown,get up (i feel like being a) sex machine,,1,7,
502,327,1958,,jerry butler,for your precious love,,1,5,
503,328,1967,,the doors,the end,,1,1,
504,329,1975,,"earth, wind & fire",that's the way of the world,,1,2,
505,330,1977,,the queen,we will rock you,,1,8,
506,331,1991,,bonnie raitt,i can't make you love me,,1,6,
507,332,1965,,bob dylan,subterranean homesick blues,,1,8,
508,333,1970,,norman greenbaum,spirit in the sky,,1,2,
509,334,1971,,the rolling stones,wild horses,,1,1,
510,335,1970,,"lou reed, the velvet underground",sweet jane,,1,9,
511,336,1976,,aerosmith & run dmc,walk this way,,1,3,
512,337,1982,,michael jackson,beat it,,1,6,
513,338,1970,,paul mccartney,maybe i'm amazed,,1,4,
514,339,1966,,diana ross & the supremes,you keep me hangin' on,,1,1,
515,340,1971,,the who,baba o'riley,,1,3,
516,341,1975,,jimmy cliff,the harder they come,,1,4,
517,342,1961,,dion & the belmonts,runaround sue,,1,3,
518,343,1956,,lavern baker,jim dandy,,1,6,
519,344,1968,,janis joplin,piece of my heart,,1,2,
520,345,1958,,ritchie valens,la bamba,,1,3,
521,346,1996,,tupac shakur,california love,,1,3,
522,347,1973,,elton john,candle in the wind,,1,4,
523,348,1973,,the isley brothers,who's that lady,,1,8,
524,349,1960,,ben e. king,spanish harlem,,1,8,
525,350,1962,,little eva,the loco-motion,,1,5,
526,351,1955,,the platters,the great pretender,,1,7,
527,352,1955,,elvis presley,all shook up,,1,4,
528,353,1992,,eric clapton,tears in heaven,,1,9,
529,354,1977,,elvis costello,watching the detectives,,1,3,
530,355,1969,,ccr,bad moon rising,,1,1,
531,356,1983,,eurythmics,sweet dreams,,1,1,
532,357,1968,,jimi hendrix,little wing,,1,4,
533,358,1965,,martha reeves and the vandellas,nowhere to run,,1,7,
534,359,1957,,muddy waters,got my mojo working,,1,6,
535,360,1973,,roberta flack,killing me softly with his son,,1,2,
536,361,1979,,the clash,complete control,,1,5,
537,362,1967,,the beatles,all you need is love,,1,8,
538,363,1967,,the box tops,the letter,,1,8,
539,364,1965,,bob dylan,highway 61 revisited,,1,7,
540,365,1965,,the righteous brothers,unchained melody,,1,8,
541,366,1977,,the bee gees,how deep is your love,,1,3,
542,367,1968,,cream,white room,,1,3,
543,368,1989,,depeche mode,personal jesus,,1,8,
544,369,1955,,bo diddley,i'm a man,,1,7,
545,370,1967,,jimi hendrix,the wind cries mary,,1,9,
546,371,1965,,the who,i can't explain,,1,2,
547,372,1977,,television,marquee moon,,1,3,
548,373,1960,,sam cooke,wonderful world,,1,8,
549,374,1956,,chuck berry,brown eyed handsome man,,1,6,
550,375,1979,,pink floyd,another brick in the wall part 2,,1,6,
551,376,1996,,radiohead,fake plastic trees,,1,9,
552,377,1961,,ray charles,hit the road jack,,1,5,
553,378,1984,,u2,pride (in the name of love),,1,1,
554,379,1991,,r.e.m.,radio free europe,,1,5,
555,380,1973,,elton john,goodbye yellow brick road,,1,2,
556,381,1965,,aaron neville,tell it like it is,,1,9,
557,382,1997,,the verve,bitter sweet symphony,,1,8,
558,383,1971,,the allman brothers band,whipping post,,1,5,
559,384,1965,,the beatles,ticket to ride,,1,1,
560,385,1970,,"crosby, stills, nash & young",ohio,,1,7,
561,386,1987,,eric b. and rakim,i know you got soul,,1,9,
562,387,1972,,elton john,tiny dancer,,1,9,
563,388,1978,,the police,roxanne,,1,7,
564,389,1971,,the temptations,just my imagination,,1,6,
565,390,1965,,the four tops,baby i need your loving,,1,3,
566,391,1970,,freda payne,band of gold,,1,3,
567,392,1970,,the five stairsteps,o-o-h child,,1,7,
568,393,1966,,the lovin’ spoonful,summer in the city,,1,3,
569,394,1961,,elvis presley,can't help falling in love,,1,7,
570,395,1964,,the shangri-las,remember (walkin' in the sand),,1,6,
571,396,1972,,big star,thirteen,,1,4,
572,397,1976,,blue oyster cult,(don`t fear) the reaper,,1,7,
573,398,1974,,lynyrd skynyrd,sweet home alabama,,1,8,
574,399,1991,,metallica,enter sandman,,1,2,
575,400,1966,,paul revere & the raiders,kicks,,1,4,
576,401,1960,,the shirelles,tonight's the night,,1,4,
577,402,1970,,sly and the family stone,thank you (falettinme be mice elf again),,1,9,
578,403,1958,,eddie cochran,c'mon everybody,,1,7,
579,404,1966,,bob dylan,visions of johanna,,1,2,
580,405,1971,,the carpenters,we've only just begun,,1,9,
581,406,1996,,r. kelly,i believe i can fly,,1,5,
582,407,1992,,nirvana,in bloom,,1,2,
583,408,1975,,aerosmith,sweet emotion,,1,7,
584,409,1969,,cream,crossroads,,1,2,
585,410,1989,,pixies,monkey gone to heaven,,1,8,
586,411,1977,,donna summer,i feel love,,1,7,
587,412,1967,,bobbie gentry,ode to billy joe,,1,9,
588,413,1957,,little richard,the girl can't help it,,1,2,
589,414,1957,,the coasters,young blood,,1,8,
590,415,1965,,the four tops,i can't help myself,,1,2,
591,416,1984,,don henley,the boys of summer,,1,4,
592,417,1988,,n.w.a.,fuck the police,,1,9,
593,418,1969,,"crosby, stills & nash",suite judy blue eyes,,1,8,
594,419,1993,,dr. dre,nuthin' but a 'g' thang,,1,6,
595,420,1969,,the isley brothers,it's your thing,,1,3,
596,421,1973,,billy joel,piano man,,1,1,
597,422,1970,,the kinks,lola,,1,4,
598,423,1956,,elvis presley,blue suede shoes,,1,1,
599,424,1972,,the rolling stones,tumbling dice,,1,3,
600,425,1984,,the smiths,"william, it was really nothing",,1,4,
601,426,1972,,deep purple,smoke on the water,,1,4,
602,427,1983,,u2,new year's day,,1,9,
603,428,1966,,mitch ryder & the detroit wheels,devil with a blue dress on good golly,,1,6,
604,429,1964,,solomon burke,everybody needs somebody to love,,1,6,
605,430,1978,,the clash,white man in hammersmith palais,,1,6,
606,431,1955,,fats domino,ain't it a shame,,1,7,
607,432,1977,,gladys knight and the pips,midnight train to georgia,,1,4,
608,433,1969,,led zeppelin,ramble on,,1,6,
609,434,1966,,wilson pickett,mustang sally,,1,2,
610,435,1981,,the rolling stones,beast of burden,,1,4,
611,436,1967,,love,alone again or,,1,1,
612,437,1956,,elvis presley,love me tender,,1,6,
613,438,1969,,the stooges,i wanna be your dog,,1,7,
614,439,1984,,john cougar mellenkamp,pink houses,,1,6,
615,440,1987,,salt-n-pepa,push it,,1,5,
616,441,1957,,the dell-vikings,come go with me,,1,6,
617,442,1957,,little richard,keep a knockin',,1,9,
618,443,1973,,bob marley & the wailers,i shot the sheriff,,1,7,
619,444,1965,,sonny & cher,i got you babe,,1,8,
620,445,1992,,nirvana,come as you are,,1,5,
621,446,1968,,toots and the maytals,pressure drop,,1,9,
622,447,1964,,the shangri-las,leader of the pack,,1,5,
623,448,1967,,the velvet underground,heroin,,1,8,
624,449,1967,,the beatles,penny lane,,1,6,
625,450,1967,,glen campbell,by the time i get to phoenix,,1,5,
626,451,1960,,chubby checker,the twist,,1,4,
627,452,1961,,sam cooke,cupid,,1,6,
628,453,1987,,guns ‘n' roses,paradise city,,1,4,
629,454,1970,,george harrison,my sweet lord,,1,6,
630,455,1994,,nirvana,all apologies,,1,4,
631,456,1958,,lloyd price,stagger lee,,1,7,
632,457,1977,,ramones,sheena is a punk rocker,,1,4,
633,458,1965,,sam & dave,soul man,,1,1,
634,459,1950,,muddy waters,rollin' stone,,1,4,
635,460,1963,,the chiffons,one fine day,,1,7,
636,461,1986,,prince and the revolution,kiss,,1,9,
637,462,1972,,the staple singers,respect yourself,,1,4,
638,463,1966,,the beatles,rain,,1,1,
639,464,1966,,the four tops,standing in the shadows of love,,1,2,
640,465,1978,,cheap trick,surrender,,1,4,
641,466,1961,,del shannon,runaway,,1,6,
642,467,1987,,guns ‘n' roses,welcome to the jungle,,1,5,
643,468,1964,,the stooges,search and destroy,,1,8,
644,469,1971,,carole king,it's too late,,1,9,
645,470,1974,,joni mitchell,free man in paris,,1,8,
646,471,1980,,willie nelson,on the road again,,1,9,
647,472,1964,,the supremes,where did our love go,,1,2,
648,473,1967,,aretha franklin,do right woman - do right man,,1,2,
649,474,1978,,funkadelic,one nation under a groove (part. 1),,1,3,
650,475,1994,,beastie boys,sabotage,,1,3,
651,476,1984,,foreigner,i want to know what love is,,1,1,
652,477,1981,,rick james,super freak,,1,1,
653,478,1967,,jefferson airplane,white rabbit,,1,5,
654,479,1974,,labelle,lady marmalade,,1,6,
655,480,1970,,van morrison,into the mystic,,1,6,
656,481,1975,,david bowie,young americans,,1,1,
657,482,1971,,alice cooper,i'm eighteen,,1,3,
658,483,1987,,the cure,just like heaven,,1,2,
659,484,1981,,joan jett,i love rock and roll,,1,3,
660,485,1986,,paul simon,graceland,,1,8,
661,486,1984,,the smiths,how soon is now,,1,5,
662,487,1964,,the drifters,under the boardwalk,,1,5,
663,488,1975,,fleetwood mac,rhiannon,,1,5,
664,489,1978,,gloria gaynor,i will survive,,1,8,
665,490,1971,,the rolling stones,brown sugar,,1,8,
666,491,1966,,dusty springfield,you don't have to say you love me,,1,3,
667,492,1977,,jackson browne,running on empty,,1,5,
668,493,1963,,the crystals,then he kissed me,,1,2,
669,494,1973,,the eagles,desperado,,1,9,
670,495,1960,,smokey robinson,shop around,,1,3,
671,496,1978,,the rolling stones,miss you,,1,5,
672,497,1994,,weezer,buddy holly,,1,2,
673,498,1970,,brook benton,rainy night in georgia,,1,1,
674,499,1976,,thin lizzy,the boys are back in town,,1,5,
675,500,1976,,boston,more than a feeling,,1,7,
676,,1,,nirvana,smells like teen spirit,,1,9,
677,,2,,joy division,love will tear us apart,,1,5,
678,,3,,donna summer,i feel love,,1,8,
679,,4,,the smiths,how soon is now?,,1,6,
680,,5,,the strokes,last night,,1,3,
681,,6,,pulp,common people,,1,2,
682,,7,,arctic monkeys,i bet you look good on the dancefloor,,1,5,
683,,8,,new order,blue monday,,1,6,
684,,9,,the ronettes,be my baby,,1,9,
685,,10,,the beach boys,good vibrations,,1,2,
686,,11,,the beatles,eleanor rigby,,1,3,
687,,12,,the smiths,there is a light that never goes out,,1,6,
688,,13,,oasis,live forever,,1,1,
689,,14,,the beach boys,god only knows,,1,7,
690,,15,,david bowie,“heroes”,,1,8,
691,,16,,the white stripes,seven nation army,,1,2,
692,,17,,the beatles,a day in the life,,1,4,
693,,18,,outkast,hey ya!,,1,2,
694,,19,,blondie,heart of glass,,1,2,
695,,20,,blur,girls & boys,,1,9,
696,,21,,the specials,ghost town,,1,5,
697,,22,,the la's,there she goes,,1,6,
698,,23,,the kinks,waterloo sunset,,1,7,
699,,24,,bob dylan,hurricane,,1,6,
700,,25,,arcade fire,wake up,,1,2,
701,,26,,lcd soundsystem,losing my edge,,1,7,
702,,27,,sex pistols,god save the queen,,1,9,
703,,28,,the libertines,time for heroes,,1,4,
704,,29,,the rolling stones,gimme shelter,,1,7,
705,,30,,talking heads,once in a lifetime,,1,5,
706,,31,,the stone roses,fools gold,,1,4,
707,,32,,the clash,london calling,,1,8,
708,,33,,suede,animal nitrate,,1,4,
709,,34,,david bowie,life on mars?,,1,6,
710,,35,,the beatles,strawberry fields forever,,1,7,
711,,36,,oasis,wonderwall,,1,4,
712,,37,,ike and tina turner,river deep mountain high,,1,7,
713,,38,,sinead o' connor,nothing compares 2 u,,1,1,
714,,39,,yeah yeah yeahs,maps,,1,1,
715,,40,,jay-z,99 problems,,1,8,
716,,41,,amy winehouse,back to black,,1,2,
717,,42,,blur,the universal,,1,6,
718,,43,,manic street preachers,a design for life,,1,8,
719,,44,,pixies,debaser,,1,4,
720,,45,,radiohead,paranoid android,,1,6,
721,,46,,marvin gaye,i heard it through the grapevine,,1,6,
722,,47,,madonna,like a prayer,,1,6,
723,,48,,the cure,boys don't cry,,1,4,
724,,49,,bob dylan,like a rolling stone,,1,2,
725,,50,,lou reed,walk on the wild side,,1,7,
726,,51,,david bowie,ashes to ashes,,1,6,
727,,52,,daft punk,one more time,,1,7,
728,,53,,mia,paper plane,,1,3,
729,,54,,bruce springsteen,born to run,,1,8,
730,,55,,kraftwerk,the model,,1,4,
731,,56,,beastie boys,sabotage,,1,1,
732,,57,,michael jackson,billie jean,,1,6,
733,,58,,elvis presley,suspicious minds,,1,4,
734,,59,,primal scream,loaded,,1,3,
735,,60,,pulp,babies,,1,6,
736,,61,,new order,true faith,,1,4,
737,,62,,david bowie,young americans,,1,3,
738,,63,,massive attack,unfinished sympathy,,1,1,
739,,64,,the smiths,this charming man,,1,3,
740,,65,,ben e king,stand by me,,1,8,
741,,66,,nwa,straight outta compton,,1,6,
742,,67,,oasis,cigarettes & alcohol,,1,4,
743,,68,,the beatles,blackbird,,1,6,
744,,69,,the clash,(white man) in hammersmith palais,,1,6,
745,,70,,the who,my generation,,1,3,
746,,71,,buzzcocks,ever fallen in love (with someone you shouldn't),,1,5,
747,,72,,the velvet underground,venus in furs,,1,9,
748,,73,,pj harvey,sheela-na-gig,,1,4,
749,,74,,franz ferdinand,take me out,,1,8,
750,,75,,the streets,dry your eyes,,1,2,
751,,76,,kate bush,wuthering heights,,1,6,
752,,77,,the beatles,hey jude,,1,6,
753,,78,,nick cave & the bad seeds,into my arms,,1,2,
754,,79,,the white stripes,fell in love with a girl,,1,7,
755,,80,,the beatles,taxman,,1,7,
756,,81,,jay-z & kanye west,niggas in paris,,1,8,
757,,82,,beyonce,crazy in love,,1,7,
758,,83,,the clash,complete control,,1,3,
759,,84,,sex pistols,anarchy in the uk,,1,1,
760,,85,,morrissey,everyday is like sunday,,1,7,
761,,86,,missy elliott,get yr freak on,,1,6,
762,,87,,lana del rey,video games,,1,1,
763,,88,,eminem,lose yourself,,1,5,
764,,89,,jeff buckley,hallelujah,,1,5,
765,,90,,mgmt,time to pretend,,1,9,
766,,91,,lcd soundsystem,all my friends,,1,1,
767,,92,,britney spears,toxic,,1,9,
768,,93,,kanye west,gold digger,,1,1,
769,,94,,the flaming lips,do you realize??,,1,6,
770,,95,,public enemy,fight the power,,1,3,
771,,96,,the libertines,what a waster,,1,5,
772,,97,,grandmaster flash & the furious five,the message,,1,7,
773,,98,,rage against the machine,killing in the name,,1,9,
774,,99,,queens of the stone age,no one knows,,1,4,
775,,100,,the stone roses,i am the resurrection,,1,6,
776,,101,,r.e.m,loosing my religion,,1,3,
777,,102,,manic street preachers,motorcycle emptiness,,1,1,
778,,103,,stevie wonder,superstition,,1,4,
779,,104,,suede,the drowners,,1,7,
780,,105,,blur,song 2,,1,5,
781,,106,,oasis,don't look back in anger,,1,9,
782,,107,,the rapture,house of jealous lovers,,1,6,
783,,108,,kate bush,running up that hill,,1,5,
784,,109,,gossip,standing in the way of control,,1,3,
785,,110,,super furry animals,ice hocky hair,,1,6,
786,,111,,fontella bass,rescue me,,1,1,
787,,112,,oasis,supersonic,,1,8,
788,,113,,prince,when doves cry,,1,8,
789,,114,,happy mondays,step on,,1,8,
790,,115,,the verve,bitter sweet symphony,,1,9,
791,,116,,the killers,mr brightside,,1,9,
792,,117,,dexys midnight runners,geno,,1,7,
793,,118,,the strokes,someday,,1,4,
794,,119,,the stone roses,waterfall,,1,5,
795,,120,,roxy music,virginia plane,,1,2,
796,,121,,hole,celebrity skin,,1,2,
797,,122,,the white stripes,hotel yorba,,1,6,
798,,123,,prince,purple rain,,1,3,
799,,124,,the undertones,teenage kicks,,1,5,
800,,125,,pulp,disco 2000,,1,8,
801,,126,,the jesus and mary chain,just like honey,,1,1,
802,,127,,warren g - & nate dogg,regulate,,1,7,
803,,128,,the jam,the eaton rifles,,1,8,
804,,129,,sam cooke,a change is gonna come,,1,9,
805,,130,,glen campbell,wichita lineman,,1,3,
806,,131,,the rolling stones,jumpin' jack flash,,1,3,
807,,132,,sex pistols,pretty vacant,,1,8,
808,,133,,pixies,gigantic,,1,6,
809,,134,,hot chip,over and over,,1,9,
810,,135,,the charlatans,the only one i know,,1,7,
811,,136,,the rolling stones,paint it black,,1,6,
812,,137,,the cribs,man's needs,,1,6,
813,,138,,kanye west,monster,,1,7,
814,,139,,bob marley,no woman no cry,,1,2,
815,,140,,aphex twin,windowlicker,,1,4,
816,,141,,love,alone again or,,1,4,
817,,142,,radiohead,creep,,1,3,
818,,143,,the beatles,hello goodbye,,1,5,
819,,145,,lee hazlewood & nancy sinatra,some velvet morning,,1,2,
820,,148,,pet shop boys,west end girls,,1,4,
821,,149,,mott the hoople,all the young dudes,,1,9,
822,,150,,otis redding,(sittin' on) the dock of the bay,,1,8,
823,,151,,eric b & rakim,follow the leader,,1,1,
824,,152,,martha reeves & the vandellas,dancing in the street,,1,8,
825,,153,,dinosaur jr,freak scene,,1,5,
826,,154,,james brown,papa's got a brand new bag,,1,9,
827,,155,,motorhead,ace of spades,,1,1,
828,,156,,the beatles,i want to hold your hand,,1,3,
829,,157,,the kingsman,louie louie,,1,4,
830,,158,,elton john,tiny dancer,,1,8,
831,,159,,the jimi hendrix experience,purple haze,,1,5,
832,,160,,joy division,transmission,,1,2,
833,,161,,dusty springfield,son of a preacher man,,1,8,
834,,162,,david bowie,changes,,1,4,
835,,163,,the jacksons,i want you back,,1,7,
836,,164,,dizzee rascal,"fix up, look sharp",,1,9,
837,,165,,the breeders,cannonball,,1,6,
838,,166,,beastie boys,(you gotta) fight for your right to party,,1,3,
839,,168,,bat for lashes,daniel,,1,6,
840,,169,,booker t,green onions,,1,7,
841,,170,,primal scream,higher than the sun,,1,6,
842,,171,,vampire weekend,a-punk,,1,5,
843,,172,,lcd soundsystem,someone great,,1,5,
844,,173,,public enemy,rebel without a pause,,1,7,
845,,174,,mcalmont & butler,yes,,1,3,
846,,175,,the who,won't get fooled again,,1,9,
847,,176,,the libertines,can't stand me now,,1,5,
848,,177,,chuck berry,roll over beethoven,,1,7,
849,,178,,smokey robinson & the miracles,the tracks of my tears,,1,1,
850,,179,,the jesus and mary chain,never understand,,1,1,
851,,180,,flamin' groovies,shake some action,,1,3,
852,,181,,wu-tang clan,protest ya neck,,1,5,
853,,182,,the who,i can see for miles,,1,6,
854,,183,,the prodigy,no good (start the dance),,1,9,
855,,184,,queen & david bowie,under pressure,,1,9,
856,,185,,doves,there goes the fear,,1,9,
857,,186,,bob dylan,subterranean homesick blues,,1,5,
858,,187,,teenage fanclub,the concept,,1,4,
859,,188,,arctic monkeys,mardy bum,,1,9,
860,,189,,the libertines,don't look back into the sun,,1,9,
861,,190,,primal scream,shoot speed/kill light,,1,5,
862,,191,,martha & the vandellas,nowhere to run,,1,5,
863,,194,,supergrass,alright,,1,3,
864,,195,,joy division,atmosphere,,1,2,
865,,196,,the stone roses,made of stone,,1,6,
866,,197,,pixies,monkeys gone to heaven,,1,6,
867,,198,,blur,this is a low,,1,4,
868,,199,,the doors,light my fire,,1,8,
869,,200,,pixies,where is my mind?,,1,1,
870,,201,,the velvet underground,i'm waiting for the man,,1,7,
871,,202,,marvin gaye,what's going on,,1,4,
872,,203,,patsy kline,crazy,,1,6,
873,,204,,the pogues & kirsty maccoll,fairytale of new york,,1,6,
874,,205,,the strokes,reptilla,,1,1,
875,,206,,pil,rise,,1,7,
876,,207,,billy bragg,levi stubbs tears,,1,4,
877,,208,,daft punk,da funk,,1,3,
878,,209,,john lennon,jealous guy,,1,8,
879,,210,,the fall,hit the north,,1,8,
880,,211,,the supremes,you keep me hanging on,,1,1,
881,,212,,r.e.m,radio free europe,,1,9,
882,,213,,pixies,here comes your man,,1,6,
883,,214,,peter gabriel,solsbury hill,,1,3,
884,,215,,nirvana,lithium,,1,6,
885,,216,,orange juice,rip it up,,1,1,
886,,217,,manic street preachers,faster,,1,7,
887,,218,,nick cave and the bad seeds,straight to you,,1,2,
888,,219,,the kinks,you really got me,,1,9,
889,,220,,blur,end of the century,,1,2,
890,,221,,simon and garfunkel,mrs robinson,,1,9,
891,,222,,klaxons,golden skans,,1,2,
892,,223,,spiritualized,electricity,,1,1,
893,,224,,the sugarcubes,birthday,,1,8,
894,,225,,james brown,get up (i feel like being) a sex machine,,1,5,
895,,226,,aretha franklin,respect,,1,2,
896,,227,,the rolling stones,sympathy for the devil,,1,6,
897,,228,,new order,temptation,,1,8,
898,,229,,grimes,oblivion,,1,2,
899,,230,,outkast,ms jackson,,1,1,
900,,231,,arctic monkeys,do i wanna know?,,1,2,
901,,232,,blue oyster cult,(don't fear) the reaper,,1,1,
902,,233,,t rex,get it on,,1,7,
903,,234,,talking heads,psycho killer,,1,9,
904,,235,,elvis presley,jailhouse rock,,1,2,
905,,236,,the cure,in between days,,1,8,
906,,237,,ramones,blitzkrieg bop,,1,5,
907,,238,,nick cave and the bad seeds,tupelo,,1,1,
908,,239,,oasis,whatever,,1,5,
909,,240,,pet shop boys,rent,,1,8,
910,,241,,portishead,sour times,,1,5,
911,,242,,pil,public image,,1,2,
912,,243,,the beta band,dry the rain,,1,5,
913,,244,,manic street preachers,motown junk,,1,1,
914,,245,,babyshambles,fuck forever,,1,3,
915,,246,,the jimi hendrix experience,voodoo child (slight return),,1,1,
916,,247,,beastie boys,intergalactic,,1,8,
917,,248,,animal collective,my girls,,1,1,
918,,249,,air,sexy boy,,1,1,
919,,250,,david bowie,space oddity,,1,2,
920,,251,,elvis costello & the attractions,oliver's army,,1,2,
921,,252,,dr dre feat,still dre,,1,7,
922,,253,,dexys midnight runners,come on eileen,,1,6,
923,,254,,pulp,this is hardcore,,1,4,
924,,255,,ol' dirty bastard,got your money,,1,6,
925,,256,,the horrors,sea within a sea,,1,2,
926,,257,,queens of the stone age,feel good hit of the summer,,1,3,
927,,258,,run-dmc,walk this way,,1,6,
928,,259,,tlc,waterfalls,,1,3,
929,,260,,beck,sexx laws,,1,7,
930,,261,,underworld,born slippy,,1,6,
931,,262,,stardust,music sounds better with you,,1,1,
932,,263,,elvis presley,hound dog,,1,8,
933,,264,,the beatles,paperback writer,,1,7,
934,,265,,jay-z,empire state of mind,,1,8,
935,,266,,the jacksons,shake your body (down to the ground),,1,7,
936,,267,,suede,trash,,1,3,
937,,268,,saint etienne,only love can break your heart,,1,2,
938,,269,,lou reed,perfect day,,1,1,
939,,270,,george harrison,my sweet lord,,1,5,
940,,271,,manic street preachers,you love us,,1,8,
941,,272,,happy mondays,hallelujah,,1,1,
942,,273,,ride,leave them all behind,,1,9,
943,,274,,the four tops,reach out and i'll be there,,1,3,
944,,275,,the orb,little fluffy clouds,,1,8,
945,,276,,eminem,my name is,,1,3,
946,,277,,bob dylan,tangled up in blue,,1,8,
947,,278,,kate bush,hounds of love,,1,9,
948,,279,,pixies,velouria,,1,6,
949,,280,,the beatles,she loves you,,1,3,
950,,281,,elbow,one day like this,,1,2,
951,,282,,elastica,connection,,1,8,
952,,283,,the smiths,bigmouth strikes again,,1,5,
953,,284,,supergrass,caught by the fuzz,,1,8,
954,,285,,crystal castles,crimewave,,1,1,
955,,286,,wings,band on the run,,1,6,
956,,287,,daft punk,get lucky,,1,1,
957,,288,,james brown,it's a man's man's man's world,,1,5,
958,,289,,arcade fire,rebellion (lies),,1,9,
959,,290,,glasvegas,daddy's gone,,1,1,
960,,291,,robert wyatt,shipbuilding,,1,8,
961,,292,,electric light orchestra,mr blue sky,,1,4,
962,,293,,wolfman feat,for lovers,,1,9,
963,,294,,sly and the family stone,family affair,,1,1,
964,,295,,david bowie,fashion,,1,8,
965,,296,,pj harvey,the words that maketh murder,,1,8,
966,,297,,the rolling stones,you can't always get what you want,,1,5,
967,,298,,house of pain,jump around,,1,3,
968,,299,,the primitives,crash,,1,6,
969,,300,,t rex,20th century boy,,1,7,
970,,301,,dépêche mode,enjoy the silence,,1,1,
971,,302,,radiohead,fake plastic trees,,1,9,
972,,303,,leonard cohen,suzanne,,1,2,
973,,304,,the beatles,something,,1,7,
974,,305,,gloria jones,tainted love,,1,7,
975,,306,,blur,beetlebum,,1,4,
976,,307,,the jam,going underground,,1,5,
977,,308,,foals,spanish sahara,,1,5,
978,,309,,wire,outdoor miner,,1,6,
979,,310,,the temptations,papa was a rolling stone,,1,6,
980,,311,,the beatles,ticket to ride,,1,7,
981,,312,,the verve,history,,1,2,
982,,313,,prince,1999,,1,7,
983,,314,,mc5,kick out the jams,,1,5,
984,,315,,jimi hendrix,all along the watchtower,,1,9,
985,,316,,pavement,here,,1,9,
986,,317,,yeah yeah yeahs,zero,,1,9,
987,,318,,johnny cash,ring of fire,,1,6,
988,,319,,funkadelic,one nation under a groove,,1,3,
989,,320,,cornershop,brimful of asha,,1,7,
990,,321,,small faces,itchycoo park,,1,9,
991,,322,,bjork,big time sensuality,,1,2,
992,,323,,dépêche mode,personal jesus,,1,6,
993,,324,,house of love,destroy the heart,,1,6,
994,,325,,billy holiday,strange fruit,,1,8,
995,,326,,marvin gaye,sexual healing,,1,9,
996,,327,,michael jackson,man in the mirror,,1,4,
997,,328,,the wedding present,my favourite dress,,1,4,
998,,329,,foals,"two steps, twice",,1,3,
999,,330,,eels,novocaine for the soul,,1,2,
1000,,331,,massive attack,karmacoma,,1,1,
1001,,332,,buddy holly,rave on,,1,8,
1002,,333,,pet shop boys,go west,,1,9,
1003,,334,,the stone roses,she bangs the drums,,1,1,
1004,,335,,super furry animals,the man don't give a fuck,,1,8,
1005,,336,,the beatles,come together,,1,6,
1006,,337,,the kinks,all day and all of the night,,1,7,
1007,,338,,gorillaz,dare,,1,6,
1008,,339,,patti smith,because the night,,1,6,
1009,,340,,eminem,stan,,1,3,
1010,,341,,kelis,caught out there,,1,7,
1011,,342,,kasabian,club foot,,1,3,
1012,,343,,the mamas and the papas,california dreaming,,1,8,
1013,,344,,kanye west,runaway,,1,5,
1014,,345,,arctic monkeys,fluorescent adolescent,,1,5,
1015,,346,,yazoo,only you,,1,3,
1016,,347,,gorillaz,clint eastwood,,1,1,
1017,,348,,the byrds,eight miles high,,1,8,
1018,,349,,dépêche mode,just can't get enough,,1,6,
1019,,350,,amy winehouse,rehab,,1,3,
1020,,351,,modest mouse,float on,,1,9,
1021,,352,,simon and garfunkel,cecilia,,1,7,
1022,,353,,the chemical brothers,hey boy hey girl,,1,4,
1023,,355,,kelis,millionaire,,1,2,
1024,,356,,the cure,close to me,,1,6,
1025,,357,,the walker brothers,the sun ain't gonna shine any more,,1,6,
1026,,358,,ian dury and the blockheads,sex and drugs and rock and roll,,1,8,
1027,,359,,blur,for tomorrow,,1,6,
1028,,360,,the cure,pictures of you,,1,2,
1029,,361,,eric b & rakim,paid in full,,1,8,
1030,,362,,metallica,enter sandman,,1,3,
1031,,363,,credence clearwater revival,bad moon rising,,1,9,
1032,,364,,suede,killing of a flash boy,,1,4,
1033,,365,,sonic youth,teen age riot,,1,1,
1034,,366,,the cure,friday i'm in love,,1,3,
1035,,367,,a guy called gerald,voodoo ray,,1,8,
1036,,368,,my bloody valentine,you made me realise,,1,2,
1037,,369,,oasis,half a world away,,1,7,
1038,,370,,suede,the wild ones,,1,5,
1039,,371,,bjork,hyperballad,,1,9,
1040,,372,,public enemy,don't believe the hype,,1,5,
1041,,373,,arctic monkeys,brainstorm,,1,1,
1042,,374,,the human league,love action (i believe in),,1,9,
1043,,375,,michael jackson,don't stop 'till you get enough,,1,8,
1044,,376,,jonathan richman & the modern lovers,roadrunner,,1,9,
1045,,377,,elton john,bennie and the jets,,1,8,
1046,,378,,nick cave & kylie minogue,where the wild roses grow,,1,1,
1047,,379,,the byrds,i'll feel a whole lot better,,1,6,
1048,,380,,arctic monkeys,piledriver waltz,,1,9,
1049,,381,,mgmt,kids,,1,2,
1050,,382,,the beatles,while my guitar gently weeps,,1,7,
1051,,383,,n*e*r*d,lapdance,,1,3,
1052,,384,,the slits,typical girls,,1,9,
1053,,385,,oasis,champagne supernoa,,1,5,
1054,,386,,pavement,cut your hair,,1,6,
1055,,387,,roy orbison,oh pretty woman,,1,7,
1056,,388,,the smiths,the boy with the thorn in his side,,1,4,
1057,,389,,blur,there's no other way,,1,7,
1058,,390,,paul simon,me & julio down in the school yard,,1,4,
1059,,391,,black sabbath,paranoid,,1,1,
1060,,392,,chaka khan,i feel for you,,1,3,
1061,,393,,blur,to the end,,1,9,
1062,,394,,the stranglers,no more heroes,,1,4,
1063,,395,,jamie t,sheila,,1,8,
1064,,396,,eminem,the real slim shady,,1,5,
1065,,397,,nick cave and the bad seeds,the mercy seat,,1,1,
1066,,398,,regina spektor,us,,1,7,
1067,,399,,oasis,slide away,,1,8,
1068,,400,,foo fighters,learn to fly,,1,4,
1069,,401,,the disposable heroes of hiphoprisy,"television, the drug of the nation",,1,7,
1070,,402,,thin lizzy,the boys are back in town,,1,9,
1071,,403,,black grape,reverend black grape,,1,6,
1072,,404,,u2,where the streets have no name,,1,6,
1073,,405,,mia,bad girls,,1,5,
1074,,406,,alt-j,breezblocks,,1,2,
1075,,407,,ramones,sheena is a punk rocker,,1,7,
1076,,408,,arctic monkeys,fake tales of san francisco,,1,6,
1077,,409,,the ronettes,"baby, i love you",,1,9,
1078,,410,,nine inch nails,hurt,,1,9,
1079,,411,,fugazi,waiting room,,1,6,
1080,,412,,friendly fires,paris,,1,1,
1081,,413,,elvis costello & the attractions,watching the detectives,,1,9,
1082,,414,,the only ones,"another girl, another planet",,1,8,
1083,,415,,carly simon,you're so vain,,1,3,
1084,,416,,blur,chemical world,,1,3,
1085,,417,,tindersticks,marbles,,1,5,
1086,,418,,nirvana,come as you are,,1,4,
1087,,419,,the jam,start!,,1,2,
1088,,420,,coldplay,yellow,,1,9,
1089,,421,,neutral milk hotel,holland 1945,,1,6,
1090,,422,,the magnetic fields,the book of love,,1,8,
1091,,423,,guns 'n' roses,paradise city,,1,8,
1092,,424,,pj harvey,down by the water,,1,8,
1093,,425,,muse,plug in baby,,1,4,
1094,,426,,tame impala,elephant,,1,8,
1095,,427,,the hives,hate to say i told you so,,1,7,
1096,,428,,david bowie,golden years,,1,7,
1097,,429,,weezer,buddy holly,,1,8,
1098,,430,,althea and donna,uptown top ranking,,1,5,
1099,,431,,shirley and company,shame shame shame,,1,8,
1100,,432,,the verve,the drugs don't work,,1,2,
1101,,433,,at the drive-in,one armed scissor,,1,6,
1102,,434,,the kinks,sunny afternoon,,1,6,
1103,,435,,arctic monkeys,r u mine,,1,6,
1104,,436,,kings of leon,the bucket,,1,5,
1105,,437,,the specials,nelson mandela,,1,5,
1106,,438,,madonna,material girl,,1,7,
1107,,440,,beck,where it's at,,1,8,
1108,,441,,bobby fuller four,i fought the law,,1,6,
1109,,442,,roots manuva,witness (1 hope),,1,7,
1110,,443,,pulp,sorted for e's & wiz,,1,2,
1111,,444,,leftfield,open up,,1,6,
1112,,445,,blur,popscene,,1,6,
1113,,446,,the rolling stones,tumbling dice,,1,9,
1114,,447,,pulp,do you remember the first time?,,1,2,
1115,,448,,coldplay,the scientist,,1,8,
1116,,449,,billy bragg,a new england,,1,5,
1117,,450,,the beatles,i am the walrus,,1,8,
1118,,451,,the chemical brothers,setting sun,,1,1,
1119,,452,,led zeppelin,whole lotta love,,1,8,
1120,,453,,the jam,town called malice,,1,8,
1121,,454,,the flaming lips,race for the prize,,1,6,
1122,,455,,blondie,one way or another,,1,5,
1123,,456,,snoop doggy dog,what's my name,,1,4,
1124,,457,,the prodigy,firestarter,,1,3,
1125,,458,,rihanna,umbrella,,1,8,
1126,,459,,iggy pop,lust for life,,1,2,
1127,,460,,r.e.m,it's the end of the world (and i feel fine),,1,6,
1128,,461,,wings,live and let die,,1,3,
1129,,462,,the vaccines,if you wanna,,1,3,
1130,,463,,gloria gaynor,i will survive,,1,8,
1131,,464,,nirvana,about a girl,,1,2,
1132,,465,,mercury rev,goddess on a hiway,,1,2,
1133,,466,,salt 'n' peppa,push it,,1,6,
1134,,467,,teenage fanclub,star sign,,1,8,
1135,,468,,the coral,dreaming of you,,1,9,
1136,,469,,the national,buzzblood ohio,,1,6,
1137,,470,,primal scream,movin' on up,,1,6,
1138,,471,,guns 'n' roses,sweet child o' mine,,1,2,
1139,,472,,palma violets,best of friends,,1,9,
1140,,473,,the kinks,lola,,1,6,
1141,,474,,smashing pumpkins,disarm,,1,6,
1142,,475,,crazy,gnarls barkley,,1,9,
1143,,476,,john lennon,imagine,,1,7,
1144,,477,,dr dre,nothin' but a 'g' thing,,1,1,
1145,,478,,ac/dc,highway to hell,,1,7,
1146,,479,,the beach boys,wouldn't it be nice,,1,9,
1147,,480,,david bowie,ziggy stardust,,1,8,
1148,,481,,echo & the bunnymen,the killing moon,,1,8,
1149,,482,,franz ferdinand,darts of pleasure,,1,9,
1150,,483,,aphex twin,come to daddy,,1,5,
1151,,484,,oasis,some might say,,1,9,
1152,,485,,david bowie,starman,,1,4,
1153,,486,,bobby womack,across 110th street,,1,9,
1154,,487,,morrissey,suedehead,,1,2,
1155,,488,,the stranglers,golden brown,,1,2,
1156,,489,,nick cave and the bad seeds,red right hand,,1,6,
1157,,490,,the doors,riders on the storm,,1,3,
1158,,491,,johnny cash,one,,1,3,
1159,,492,,the strokes,new york city cops,,1,7,
1160,,493,,sugababes,overload,,1,3,
1161,,494,,r.e.m,everybody hurts,,1,8,
1162,,495,,gorky's zygotic mynci,patio song,,1,6,
1163,,496,,the jimi hendrix experience,hey joe,,1,9,
1164,,497,,primal scream,kill all hippies,,1,4,
1165,,498,,ash,girl from mars,,1,3,
1166,,499,,blur,out of time,,1,8,
1167,,500,,david bowie,five years,,1,4,
1168,,,1,bing crosby with the ken darby singers,white christmas,1942,1,6,
1169,,,2,michael jackson,billie jean,1982,1,3,
1170,,,3,queen,bohemian rhapsody,1975,1,6,
1171,,,4,nirvana,smells like teen spirit,1991,1,2,
1172,,,5,the beatles,i want to hold your hand,1963,1,7,
1173,,,6,marvin gaye,i heard it through the grapevine,1968,1,4,
1174,,,7,bee gees,stayin’ alive,1977,1,5,
1175,,,8,judy garland,over the rainbow,1939,1,9,
1176,,,9,sinéad o’connor,nothing compares 2 u,1990,1,9,
1177,,,10,outkast,hey ya!,2003,1,2,
1178,,,11,fred astaire & ginger rogers with leo reisman’s orchestra,cheek to cheek,1935,1,9,
1179,,,12,elvis presley,jailhouse rock,1957,1,5,
1180,,,13,chuck berry,johnny b. goode,1958,1,7,
1181,,,14,bessie smith with louis armstrong,st. louis blues,1925,1,2,
1182,,,15,stevie wonder,superstition,1972,1,7,
1183,,,16,les brown with doris day,sentimental journey,1945,1,2,
1184,,,17,ray charles,what’d i say,1959,1,8,
1185,,,18,the ronettes,be my baby,1963,1,8,
1186,,,19,beyoncé,single ladies (put a ring on it),2008,1,8,
1187,,,20,buddy holly and the crickets,that’ll be the day,1957,1,9,
1188,,,21,the beach boys,god only knows,1966,1,4,
1189,,,22,paul robeson,ol’ man river,1928,1,7,
1190,,,23,les paul with mary ford,how high the moon,1951,1,9,
1191,,,24,patsy cline,crazy,1961,1,7,
1192,,,25,kanye west with jamie foxx,gold digger,2005,1,6,
1193,,,26,joy division,love will tear us apart,1980,1,2,
1194,,,27,the jackson 5,i want you back,1969,1,3,
1195,,,28,little richard,tutti frutti,1955,1,6,
1196,,,29,billie holiday,strange fruit,1939,1,9,
1197,,,30,lady gaga,bad romance,2009,1,3,
1198,,,31,the supremes,where did our love go,1964,1,4,
1199,,,32,cab calloway,minnie the moocher (the ho de ho song),1931,1,7,
1200,,,33,new order,blue monday,1983,1,6,
1201,,,34,woody guthrie,this land is your land,1944,1,9,
1202,,,35,david bowie,heroes,1977,1,6,
1203,,,36,fleetwood mac,dreams,1977,1,6,
1204,,,37,prince,kiss,1986,1,4,
1205,,,38,duke ellington,it don’t mean a thing if it ain’t got that swing,1932,1,9,
1206,,,39,missy “misdemeanor” elliott,get ur freak on,2001,1,5,
1207,,,40,public enemy,fight the power,1989,1,3,
1208,,,41,the who,baba o’riley,1971,1,8,
1209,,,42,the andrews sisters,boogie woogie bugle boy,1941,1,5,
1210,,,43,the rolling stones,gimme shelter,1969,1,4,
1211,,,44,roy orbison,crying,1961,1,2,
1212,,,45,pulp,common people,1995,1,9,
1213,,,46,donna summer,i feel love,1977,1,7,
1214,,,47,hank williams,"cold, cold heart",1951,1,1,
1215,,,48,the carter family,wildwood flower,1928,1,8,
1216,,,49,bruce springsteen,thunder road,1975,1,1,
1217,,,50,mahalia jackson,move on up a little higher,1948,1,4,
1218,,,51,stan getz & astrud gilberto,the girl from ipanema,1964,1,5,
1219,,,52,radiohead,paranoid android,1997,1,7,
1220,,,53,george jones,he stopped loving her today,1980,1,8,
1221,,,54,bob dylan,subterranean homesick blues,1965,1,5,
1222,,,55,ramones,i wanna be sedated,1978,1,1,
1223,,,56,louis armstrong,stardust,1931,1,4,
1224,,,57,tupac shakur (2pac) with dr. dre & roger troutman,california love,1996,1,7,
1225,,,58,"crosby, stills & nash",suite: judy blue eyes,1969,1,7,
1226,,,59,james brown,"get up, i feel like being a sex machine",1970,1,8,
1227,,,60,johnny cash,folsom prison blues,1955,1,9,
1228,,,61,jay-z,99 problems,2004,1,2,
1229,,,62,r.e.m.,it’s the end of the world as we know it (and i feel fine),1987,1,3,
1230,,,63,boney m,rivers of babylon,1978,1,7,
1231,,,64,black sabbath,iron man,1970,1,5,
1232,,,65,spike jones,der fuehrere’s face,1942,1,5,
1233,,,66,lena horne,stormy weather (keeps rainin' all the time),1942,1,6,
1234,,,67,aretha franklin,i never loved a man the way i love you,1967,1,3,
1235,,,68,frank sinatra,i’ve got you under my skin,1956,1,6,
1236,,,69,madonna,borderline,1984,1,4,
1237,,,70,loretta lynn,coal miner’s daughter,1970,1,2,
1238,,,71,dolly parton,jolene,1973,1,4,
1239,,,72,ethel merman,i got rhythm,1930,1,4,
1240,,,73,funkadelic,one nation under a groove,1978,1,2,
1241,,,74,al jolson,my mammy,1928,1,8,
1242,,,75,the band,the night they drove old dixie down,1969,1,1,
1243,,,76,led zeppelin,immigrant song,1970,1,2,
1244,,,77,otis redding,i’ve been loving you too long,1965,1,4,
1245,,,78,metallica,master of puppets,1986,1,2,
1246,,,79,kitty wells,it wasn’t god who made honky-tonk angels,1952,1,8,
1247,,,80,betty hutton,it had to be you,1944,1,6,
1248,,,81,the notorious b.i.g.,juicy,1994,1,9,
1249,,,82,arcade fire,wake up,2005,1,2,
1250,,,83,ray heatherton,where or when,1937,1,7,
1251,,,84,ella fitzgerald,baby it’s cold outside,1949,1,4,
1252,,,85,janelle monáe with big boi,tightrope,2010,1,8,
1253,,,86,big star,september gurls,1974,1,7,
1254,,,87,wu-tang clan,c.r.e.a.m. (cash rules everything around me),1994,1,4,
1255,,,88,velvet underground,rock and roll,1970,1,9,
1256,,,89,joni mitchell,a case of you,1971,1,6,
1257,,,90,lcd soundsystem,all my friends,2007,1,8,
1258,,,91,pet shop boys,being boring,1990,1,6,
1259,,,92,a tribe called quest with busta rhymes,scenario,1992,1,7,
1260,,,93,richard thompson,1952 vincent black lightning,1991,1,3,
1261,,,94,bonnie raitt,angel from montgomery,1971,1,6,
1262,,,95,willie mae “big mama’ thornton,ball and chain,1968,1,2,
1263,,,96,fela kuti,zombie,1976,1,5,
1264,,,97,peter tosh,equal rights,1977,1,6,
1265,,,98,odetta holmes,take this hammer,1955,1,5,
1266,,,99,lucinda williams,pineola,1992,1,3,
1267,,,100,lil wayne,georgia bush,2006,1,5,
