,rs_song,nme_song,rs_artist,nme_artist,rs_rank,nme_rank,rs_year,t_song,t_artist,t_rank,t_year
0,,99 problems,,jay-z,,40,,99 problems,jay-z,61.0,
1,,all my friends,,lcd soundsystem,,91,,all my friends,lcd soundsystem,90.0,
2,baba o'riley,,the who,,340,,1971,baba o’riley,the who,41.0,1971.0
3,"shake, rattle and roll",,big joe turner,,126,,1954,ball and chain,willie mae “big mama’ thornton,95.0,1968.0
4,be my baby,be my baby,the ronettes,the ronettes,22,9,1963,be my baby,the ronettes,18.0,1963.0
5,billie jean,billie jean,michael jackson,michael jackson,58,57,1983,billie jean,michael jackson,2.0,1982.0
6,,blue monday,,new order,,8,,blue monday,new order,33.0,
7,bohemian rhapsody,,queen,,163,,1975,bohemian rhapsody,queen,3.0,1975.0
8,california love,,tupac shakur,,346,,1996,california love,tupac shakur (2pac) with dr. dre & roger troutman,57.0,1996.0
9,,common people,,pulp,,6,,common people,pulp,45.0,
10,crazy,crazy,patsy cline,patsy kline,85,203,1961,crazy,patsy cline,24.0,1961.0
11,crying,,roy orbison,,69,,1961,crying,roy orbison,44.0,1961.0
12,fight the power,fight the power,public enemy,public enemy,322,95,1989,fight the power,public enemy,40.0,1989.0
13,folsom prison blues,,johnny cash,,164,,1956,folsom prison blues,johnny cash,60.0,1955.0
14,get up (i feel like being a) sex machine,get up (i feel like being) a sex machine,james brown,james brown,326,225,1970,"get up, i feel like being a sex machine",james brown,59.0,1970.0
15,,get yr freak on,,missy elliott,,86,,get ur freak on,missy “misdemeanor” elliott,39.0,
16,gimme shelter,gimme shelter,the rolling stones,the rolling stones,38,29,1969,gimme shelter,the rolling stones,43.0,1969.0
17,god only knows,god only knows,the beach boys,the beach boys,25,14,1966,god only knows,the beach boys,21.0,1966.0
18,,gold digger,,kanye west,,93,,gold digger,kanye west with jamie foxx,25.0,
19,he stopped loving her today,,george jones,,270,,1980,he stopped loving her today,george jones,53.0,1980.0
20,heroes,“heroes”,david bowie,david bowie,46,15,1977,heroes,david bowie,35.0,1977.0
21,hey ya,hey ya!,outkast,outkast,180,18,2003,hey ya!,outkast,10.0,2003.0
22,i feel love,i feel love,donna summer,donna summer,411,3,1977,i feel love,donna summer,46.0,1977.0
23,i heard it through the grapevine,i heard it through the grapevine,marvin gaye,marvin gaye,80,46,1968,i heard it through the grapevine,marvin gaye,6.0,1968.0
24,never loved a man (the way i love you),,aretha franklin,,186,,1967,i never loved a man the way i love you,aretha franklin,67.0,1967.0
25,i wanna be sedated,,the ramones,,144,,1978,i wanna be sedated,ramones,55.0,1978.0
26,i want zo hold your hand,i want to hold your hand,the beatles,the beatles,16,156,1963,i want to hold your hand,the beatles,5.0,1963.0
27,i want you back,i want you back,the jackson 5,the jacksons,120,163,1969,i want you back,the jackson 5,27.0,1969.0
28,iron man,,black sabbath,,310,,1971,iron man,black sabbath,64.0,1970.0
29,,it's the end of the world (and i feel fine),,r.e.m,,460,,it’s the end of the world as we know it (and i feel fine),r.e.m.,62.0,
30,i've been loving you too long,,otis redding,,110,,1965,i’ve been loving you too long,otis redding,77.0,1965.0
31,jailhouse rock,jailhouse rock,elvis presley,elvis presley,67,235,1958,jailhouse rock,elvis presley,12.0,1957.0
32,johnny b. goode,,chuck berry,,7,,1958,johnny b. goode,chuck berry,13.0,1958.0
33,jolene,,dolly parton,,217,,1974,jolene,dolly parton,71.0,1973.0
34,kiss,,prince and the revolution,,461,,1986,kiss,prince,37.0,1986.0
35,love will tear us apart,love will tear us apart,joy division,joy division,179,2,1980,love will tear us apart,joy division,26.0,1980.0
36,nothing compares 2 u,nothing compares 2 u,sinead o'connor,sinead o' connor,162,38,1990,nothing compares 2 u,sinéad o’connor,9.0,1990.0
37,one nation under a groove (part. 1),one nation under a groove,funkadelic,funkadelic,474,319,1978,one nation under a groove,funkadelic,73.0,1978.0
38,paranoid android,paranoid android,radiohead,radiohead,256,45,1997,paranoid android,radiohead,52.0,1997.0
39,september girls,,big star,,178,,1974,september gurls,big star,86.0,1974.0
40,smells like teen spirit,smells like teen spirit,nirvana,nirvana,9,1,1991,smells like teen spirit,nirvana,4.0,1991.0
41,stayin' alive,,the bee gees,,189,,1977,stayin’ alive,bee gees,7.0,1977.0
42,,strange fruit,,billy holiday,,325,,strange fruit,billie holiday,29.0,
43,subterranean homesick blues,subterranean homesick blues,bob dylan,bob dylan,332,186,1965,subterranean homesick blues,bob dylan,54.0,1965.0
44,suite judy blue eyes,,"crosby, stills & nash",,418,,1969,suite: judy blue eyes,"crosby, stills & nash",58.0,1969.0
45,superstition,superstition,stevie wonder,stevie wonder,74,103,1973,superstition,stevie wonder,15.0,1972.0
46,that'll be the day,,"holly, buddy",,39,,1957,that’ll be the day,buddy holly and the crickets,20.0,1957.0
47,the night they drove old dixie down,,the band,,245,,1969,the night they drove old dixie down,the band,75.0,1969.0
48,thunder road,,bruce springsteen,,86,,1975,thunder road,bruce springsteen,49.0,1975.0
49,tutti frutti,,little richard,,43,,1956,tutti frutti,little richard,28.0,1955.0
50,,wake up,,arcade fire,,25,,wake up,arcade fire,82.0,
51,what'd i say (part 1&2),,ray charles,,10,,1959,what’d i say,ray charles,17.0,1959.0
52,where did our love go,,the supremes,,472,,1964,where did our love go,the supremes,31.0,1964.0
53,(don`t fear) the reaper,(don't fear) the reaper,blue oyster cult,blue oyster cult,397,232,1976,,,,
54,1999,1999,prince,prince,212,313,1982,,,,
55,a change is gonna come,a change is gonna come,sam cooke,sam cooke,12,129,1964,,,,
56,a day in a life,a day in the life,the beatles,the beatles,26,17,1967,,,,
57,all along the watchtower,all along the watchtower,jimi hendrix,jimi hendrix,48,315,1968,,,,
58,all the young dudes,all the young dudes,mott the hoople,mott the hoople,253,149,1972,,,,
59,alone again or,alone again or,love,love,436,141,1967,,,,
60,anarchy in the u.k.,anarchy in the uk,sex pistols,sex pistols,53,84,1976,,,,
61,beast of burden,house of jealous lovers,the rolling stones,the rapture,435,107,1981,,,,
62,bitter sweet symphony,bitter sweet symphony,the verve,the verve,382,115,1997,,,,
63,blitzkrieg bop,blitzkrieg bop,the ramones,ramones,92,237,1976,,,,
64,born to run,born to run,bruce springsteen,bruce springsteen,21,54,1975,,,,
65,buddy holly,buddy holly,weezer,weezer,497,429,1994,,,,
66,california dreamin',california dreaming,the mamas and the papas,the mamas and the papas,89,343,1967,,,,
67,changes,changes,david bowie,david bowie,127,162,1971,,,,
68,come as you are,come as you are,nirvana,nirvana,445,418,1992,,,,
69,come together,come together,the beatles,the beatles,202,336,1969,,,,
70,complete control,complete control,the clash,the clash,361,83,1979,,,,
71,dancing in the street,dancing in the street,martha & the vandellas,martha reeves & the vandellas,40,152,1964,,,,
72,eight miles high,eight miles high,the byrds,the byrds,150,348,1966,,,,
73,eleanor rigby,eleanor rigby,the beatles,the beatles,137,11,1966,,,,
74,enter sandman,enter sandman,metallica,metallica,399,362,1991,,,,
75,fake plastic trees,fake plastic trees,radiohead,radiohead,376,302,1996,,,,
76,family affair,family affair,sly and the family stone,sly and the family stone,138,294,1971,,,,
77,god save the queen,god save the queen,the sex pistols,sex pistols,173,27,1977,,,,
78,good vibrations,good vibrations,the beach boys,the beach boys,6,10,1966,,,,
79,green onions,green onions,booker t & mgs,booker t,181,169,1962,,,,
80,hallelujah,hallelujah,jeff buckley,jeff buckley,259,89,1994,,,,
81,heart of glass,heart of glass,blondie,blondie,255,19,1978,,,,
82,hey joe,hey joe,jimi hendrix,the jimi hendrix experience,198,496,1966,,,,
83,hey jude,hey jude,the beatles,the beatles,8,77,1968,,,,
84,highway to hell,highway to hell,ac/dc,ac/dc,254,478,1979,,,,
85,hound dog,hound dog,elvis presley,elvis presley,19,263,1956,,,,
86,how soon is now,how soon is now?,the smiths,the smiths,486,4,1984,,,,
87,i can see for miles,i can see for miles,the who,the who,258,182,1967,,,,
88,i fought the law,i fought the law,bobby fuller four,bobby fuller four,175,441,1966,,,,
89,i will survive,i will survive,gloria gaynor,gloria gaynor,489,463,1978,,,,
90,i'll feel a whole lot better,i'll feel a whole lot better,the byrds,the byrds,234,379,1965,,,,
91,i'm waiting for the man,i'm waiting for the man,lou reed the velvet underground,the velvet underground,159,201,1967,,,,
92,imagine,imagine,john lennon,john lennon,3,476,1971,,,,
93,in my life,a day in the life,the beatles,the beatles,23,17,1965,,,,
94,it's a man's man's world,it's a man's man's man's world,james brown,james brown,123,288,1966,,,,
95,jumpin' jack flash,jumpin' jack flash,rolling stones,the rolling stones,124,131,1968,,,,
96,kicks,teenage kicks,paul revere & the raiders,the undertones,400,124,1966,,,,
97,light my fire,light my fire,the doors,the doors,35,199,1967,,,,
98,like a prayer,like a prayer,madonna,madonna,300,47,1989,,,,
99,like a rolling stone,like a rolling stone,bob dylan,bob dylan,1,49,1961,,,,
100,lola,lola,the kinks,the kinks,422,473,1970,,,,
101,london calling,london calling,the clash,the clash,15,32,1980,,,,
102,lose yourself,lose yourself,eminem,eminem,166,88,2002,,,,
103,losing my religion,loosing my religion,r.e.m.,r.e.m,169,101,1991,,,,
104,louie louie,louie louie,the kingsmen,the kingsman,55,157,1963,,,,
105,lust for life,lust for life,iggy pop,iggy pop,147,459,1977,,,,
106,monkey gone to heaven,monkeys gone to heaven,pixies,pixies,410,197,1989,,,,
107,my generation,my generation,the who,the who,11,70,1965,,,,
108,my sweet lord,my sweet lord,george harrison,george harrison,454,270,1970,,,,
109,no woman no cry,no woman no cry,bob marley,bob marley,37,139,1975,,,,
110,nowhere to run,nowhere to run,martha reeves and the vandellas,martha & the vandellas,358,191,1965,,,,
111,nuthin' but a 'g' thang,nothin' but a 'g' thing,dr. dre,dr dre,419,477,1993,,,,
112,oh pretty woman,oh pretty woman,roy orbison,roy orbison,222,387,1964,,,,
113,one way or another,one way or another,blondie,blondie,298,455,1978,,,,
114,paint it black,paint it black,rolling stones,the rolling stones,174,136,1966,,,,
115,papa was a rollin' stone,papa was a rolling stone,the temptations,the temptations,168,310,1972,,,,
116,papa's got a brand new bag,papa's got a brand new bag,james brown,james brown,72,154,1966,,,,
117,paradise city,paradise city,guns ‘n' roses,guns 'n' roses,453,423,1987,,,,
118,paranoid,paranoid,black sabbath,black sabbath,250,391,1970,,,,
119,personal jesus,personal jesus,depeche mode,dépêche mode,368,323,1989,,,,
120,pictures of you,pictures of you,the cure,the cure,278,360,1989,,,,
121,purple haze,purple haze,jimmy hendrix,the jimi hendrix experience,17,159,1967,,,,
122,purple rain,purple rain,prince,prince,143,123,1984,,,,
123,push it,push it,salt-n-pepa,salt 'n' peppa,440,466,1987,,,,
124,radio free europe,radio free europe,r.e.m.,r.e.m,379,212,1991,,,,
125,rave on,rave on,buddy holly,buddy holly,154,332,1958,,,,
126,reach out i'll be there,reach out and i'll be there,the four tops,the four tops,206,274,1966,,,,
127,respect,respect,aretha franklin,aretha franklin,5,226,1967,,,,
128,ring of fire,ring of fire,johnny cash,johnny cash,87,318,1963,,,,
129,river deep - mountain high,river deep mountain high,tina turner,ike and tina turner,33,37,1966,,,,
130,roadrunner,roadrunner,the modern lovers,jonathan richman & the modern lovers,269,376,1976,,,,
131,rock lobster,sex and drugs and rock and roll,the b-52's,ian dury and the blockheads,146,358,1979,,,,
132,roll over beethoven,roll over beethoven,chuck berry,chuck berry,97,177,1956,,,,
133,sabotage,sabotage,beastie boys,beastie boys,475,56,1994,,,,
134,sexual healing,sexual healing,marvin gaye,marvin gaye,231,326,1982,,,,
135,she loves you,she loves you,the beatles,the beatles,64,280,1963,,,,
136,sheena is a punk rocker,sheena is a punk rocker,ramones,ramones,457,407,1977,,,,
137,sitting on the dock of the bay,(sittin' on) the dock of the bay,otis redding,otis redding,28,150,1968,,,,
138,something,something,the beatles,the beatles,273,304,1969,,,,
139,son of a preacher man,son of a preacher man,dusty springfield,dusty springfield,240,161,1968,,,,
140,stan,stan,eminem feat. dido,eminem,290,340,2000,,,,
141,stand by me,stand by me,ben e. king,ben e king,121,65,1961,,,,
142,strawberry fields forever,strawberry fields forever,the beatles,the beatles,76,35,1967,,,,
143,street fighting man,(white man) in hammersmith palais,the rolling stones,the clash,295,69,1968,,,,
144,suspicious minds,suspicious minds,elvis presley,elvis presley,91,58,1969,,,,
145,sweet child o mine,sweet child o' mine,guns n roses,guns 'n' roses,196,471,1987,,,,
146,sweet jane,bitter sweet symphony,"lou reed, the velvet underground",the verve,335,115,1970,,,,
147,sympathy for the devil,sympathy for the devil,the rolling stones,the rolling stones,32,227,1968,,,,
148,tangled up in blue,tangled up in blue,bob dylan,bob dylan,68,277,1975,,,,
149,thank you (falettinme be mice elf again),be my baby,sly and the family stone,the ronettes,402,9,1970,,,,
150,the boys are back in town,the boys are back in town,thin lizzy,thin lizzy,499,402,1976,,,,
151,the message,the message,grandmaster flash,grandmaster flash & the furious five,51,97,1980,,,,
152,the tracks of my tears,the tracks of my tears,smokey robinson & the miracles,smokey robinson & the miracles,50,178,1965,,,,
153,ticket to ride,ticket to ride,the beatles,the beatles,384,311,1965,,,,
154,tiny dancer,tiny dancer,elton john,elton john,387,158,1972,,,,
155,train in vain,(white man) in hammersmith palais,the clash,the clash,292,69,1979,,,,
156,tumbling dice,tumbling dice,the rolling stones,the rolling stones,424,446,1972,,,,
157,voodoo child,voodoo child (slight return),jimi hendrix,the jimi hendrix experience,101,246,1968,,,,
158,walk on the wild side,walk on the wild side,lou reed,lou reed,221,50,1972,,,,
159,walk this way,walk this way,run dmc,run-dmc,287,258,1986,,,,
160,walk this way,walk this way,aerosmith & run dmc,run-dmc,336,258,1976,,,,
161,watching the detectives,watching the detectives,elvis costello,elvis costello & the attractions,354,413,1977,,,,
162,waterloo sunset,waterloo sunset,the kinks,the kinks,42,23,1968,,,,
163,what’s going on,what's going on,marvin gaye,marvin gaye,4,202,1971,,,,
164,when doves cry,when doves cry,prince,prince,52,113,1984,,,,
165,while my guitar gently weeps,while my guitar gently weeps,the beatles,the beatles,135,382,1968,,,,
166,white man in hammersmith palais,(white man) in hammersmith palais,the clash,the clash,430,69,1978,,,,
167,who's that lady,there is a light that never goes out,the isley brothers,the smiths,348,12,1973,,,,
168,whole lotta love,whole lotta love,led zeppelin,led zeppelin,75,452,1969,,,,
169,wichita lineman,wichita lineman,glen campbell,glen campbell,192,130,1968,,,,
170,won't get fooled again,won't get fooled again,the who,the who,133,175,1971,,,,
171,you can’t always get what you want,you can't always get what you want,rolling stones,the rolling stones,100,297,1969,,,,
172,you keep me hangin' on,you keep me hanging on,diana ross & the supremes,the supremes,339,211,1966,,,,
173,you really got me,you really got me,the kinks,the kinks,82,219,1964,,,,
174,young americans,young americans,david bowie,david bowie,481,62,1975,,,,
175,ziggy stardust,ziggy stardust,david bowie,david bowie,277,480,1972,,,,
176,like a rolling stone,,bob dylan,,1,1961,,,,,
177,satisfaction,,the rolling stones,,2,1965,,,,,
178,imagine,,john lennon,,3,1971,,,,,
179,what’s going on,,marvin gaye,,4,1971,,,,,
180,respect,,aretha franklin,,5,1967,,,,,
181,good vibrations,,the beach boys,,6,1966,,,,,
182,johnny b. goode,,chuck berry,,7,1958,,,,,
183,hey jude,,the beatles,,8,1968,,,,,
184,smells like teen spirit,,nirvana,,9,1991,,,,,
185,what'd i say (part 1&2),,ray charles,,10,1959,,,,,
186,my generation,,the who,,11,1965,,,,,
187,a change is gonna come,,sam cooke,,12,1964,,,,,
188,yesterday,,the beatles,,13,1965,,,,,
189,blowin' in the wind,,bob dylan,,14,1963,,,,,
190,london calling,,the clash,,15,1980,,,,,
191,i want zo hold your hand,,the beatles,,16,1963,,,,,
192,purple haze,,jimmy hendrix,,17,1967,,,,,
193,maybellene,,chuck berry,,18,1955,,,,,
194,hound dog,,elvis presley,,19,1956,,,,,
195,let it be,,the beatles,,20,1970,,,,,
196,born to run,,bruce springsteen,,21,1975,,,,,
197,be my baby,,the ronettes,,22,1963,,,,,
198,in my life,,the beatles,,23,1965,,,,,
199,people get ready,,the impressions,,24,1965,,,,,
200,god only knows,,the beach boys,,25,1966,,,,,
201,a day in a life,,the beatles,,26,1967,,,,,
202,layla,,derek and the dominos,,27,1970,,,,,
203,sitting on the dock of the bay,,otis redding,,28,1968,,,,,
204,help,,the beatles,,29,1965,,,,,
205,i walk the line,,johnny cash,,30,1956,,,,,
206,stairway to heaven,,led zeppelin,,31,1971,,,,,
207,sympathy for the devil,,the rolling stones,,32,1968,,,,,
208,river deep - mountain high,,tina turner,,33,1966,,,,,
209,you've lost that lovin' feelin',,the righteous brothers,,34,1964,,,,,
210,light my fire,,the doors,,35,1967,,,,,
211,one,,u2,,36,1991,,,,,
212,no woman no cry,,bob marley,,37,1975,,,,,
213,gimme shelter,,the rolling stones,,38,1969,,,,,
214,that'll be the day,,"holly, buddy",,39,1957,,,,,
215,dancing in the street,,martha & the vandellas,,40,1964,,,,,
216,the weight,,the band,,41,1968,,,,,
217,waterloo sunset,,the kinks,,42,1968,,,,,
218,tutti frutti,,little richard,,43,1956,,,,,
219,georgia on my mind,,ray charles,,44,1960,,,,,
220,heartbreak hotel,,elvis presley,,45,1956,,,,,
221,heroes,,david bowie,,46,1977,,,,,
222,bridge over troubled water,,simon and garfunkel,,47,1970,,,,,
223,all along the watchtower,,jimi hendrix,,48,1968,,,,,
224,hotel california,,the eagles,,49,1976,,,,,
225,the tracks of my tears,,smokey robinson & the miracles,,50,1965,,,,,
226,the message,,grandmaster flash,,51,1980,,,,,
227,when doves cry,,prince,,52,1984,,,,,
228,anarchy in the u.k.,,sex pistols,,53,1976,,,,,
229,when a man loves a woman,,percy sledge,,54,1966,,,,,
230,louie louie,,the kingsmen,,55,1963,,,,,
231,long tall sally,,little richard,,56,1956,,,,,
232,a whiter shade of pale,,procol harum,,57,1967,,,,,
233,billie jean,,michael jackson,,58,1983,,,,,
234,the times they are a changin',,bob dylan,,59,1964,,,,,
235,let's stay together,,al green,,60,1971,,,,,
236,whole lotta shakin' going on,,jerry lee lewis,,61,1957,,,,,
237,bo diddley,,bo diddley,,62,1955,,,,,
238,for what it's worth,,buffalo springfield,,63,1967,,,,,
239,she loves you,,the beatles,,64,1963,,,,,
240,sunshine of your love,,cream,,65,1968,,,,,
241,redemption song,,bob marley,,66,1980,,,,,
242,jailhouse rock,,elvis presley,,67,1958,,,,,
243,tangled up in blue,,bob dylan,,68,1975,,,,,
244,crying,,roy orbison,,69,1961,,,,,
245,walk on by,,dionne warwick,,70,1964,,,,,
246,california girls,,the beach boys,,71,1965,,,,,
247,papa's got a brand new bag,,james brown,,72,1966,,,,,
248,summertime blues,,eddie cochran,,73,1958,,,,,
249,superstition,,stevie wonder,,74,1973,,,,,
250,whole lotta love,,led zeppelin,,75,1969,,,,,
251,strawberry fields forever,,the beatles,,76,1967,,,,,
252,mystery train,,elvis presley,,77,1955,,,,,
253,i got you (i feel good),,james brown,,78,1966,,,,,
254,mr. tambourine man,,the byrds,,79,1965,,,,,
255,i heard it through the grapevine,,marvin gaye,,80,1968,,,,,
256,blueberry hill,,fats domino,,81,1956,,,,,
257,you really got me,,the kinks,,82,1964,,,,,
258,norwegian wood,,the beatles,,83,1965,,,,,
259,every breath you take,,the police,,84,1983,,,,,
260,crazy,,patsy cline,,85,1961,,,,,
261,thunder road,,bruce springsteen,,86,1975,,,,,
262,ring of fire,,johnny cash,,87,1963,,,,,
263,my girl,,the temptations,,88,1965,,,,,
264,california dreamin',,the mamas and the papas,,89,1967,,,,,
265,in the still of the night,,the five satins,,90,1956,,,,,
266,suspicious minds,,elvis presley,,91,1969,,,,,
267,blitzkrieg bop,,the ramones,,92,1976,,,,,
268,i still haven't found what i am looking,,u2,,93,1987,,,,,
269,good golly miss molly,,little richard,,94,1958,,,,,
270,blue suede shoes,,carl perkins,,95,1956,,,,,
271,great balls of fire,,jerry lee lewis,,96,1957,,,,,
272,roll over beethoven,,chuck berry,,97,1956,,,,,
273,love and happiness,,al green,,98,1972,,,,,
274,fortunate son,,ccr,,99,1970,,,,,
275,you can’t always get what you want,,rolling stones,,100,1969,,,,,
276,voodoo child,,jimi hendrix,,101,1968,,,,,
277,be bop a lula,,gene vincent and his blue caps,,102,1956,,,,,
278,hot stuff,,donna summer,,103,1979,,,,,
279,living for the city,,stevie wonder,,104,1973,,,,,
280,the boxer,,simon and garfunkel,,105,1969,,,,,
281,mr. tambourine man,,bob dylan,,106,1965,,,,,
282,not fade away,,buddy holly,,107,1957,,,,,
283,little red corvette,,prince,,108,1983,,,,,
284,brown eyed girl,,van morrison,,109,1967,,,,,
285,i've been loving you too long,,otis redding,,110,1965,,,,,
286,i'm so lonesome i could cry,,"hank williams, sr.",,111,1949,,,,,
287,that's all right,,elvis presley,,112,1954,,,,,
288,up on the roof,,the drifters,,113,1962,,,,,
289,da doo ron ron,,the crystals,,114,1963,,,,,
290,you send me,,sam cooke,,115,1957,,,,,
291,honky tonk woman,,rolling stones,,116,1969,,,,,
292,take me to the river,,al green,,117,1974,,,,,
293,shout (part 1 & 2),,the isley brothers,,118,1959,,,,,
294,go your own way,,fleetwood mac,,119,1977,,,,,
295,i want you back,,the jackson 5,,120,1969,,,,,
296,stand by me,,ben e. king,,121,1961,,,,,
297,house of the rising sun,,the animals,,122,1964,,,,,
298,it's a man's man's world,,james brown,,123,1966,,,,,
299,jumpin' jack flash,,rolling stones,,124,1968,,,,,
300,will you love me tomorrow,,the shirelles,,125,1960,,,,,
301,"shake, rattle and roll",,big joe turner,,126,1954,,,,,
302,changes,,david bowie,,127,1971,,,,,
303,rock and roll music,,chuck berry,,128,1957,,,,,
304,born to be wild,,steppenwolf,,129,1968,,,,,
305,maggie may,,rod stewart,,130,1971,,,,,
306,with or without you,,u2,,131,1987,,,,,
307,who do you love,,bo diddley,,132,1957,,,,,
308,won't get fooled again,,the who,,133,1971,,,,,
309,in the midnight hour,,wilson picket,,134,1965,,,,,
310,while my guitar gently weeps,,the beatles,,135,1968,,,,,
311,your song,,elton john,,136,1970,,,,,
312,eleanor rigby,,the beatles,,137,1966,,,,,
313,family affair,,sly and the family stone,,138,1971,,,,,
314,i saw her standing there,,the beatles,,139,1964,,,,,
315,kashmir,,led zeppelin,,140,1975,,,,,
316,all i have to do is dream,,the everly brothers,,141,1958,,,,,
317,"please, please, please",,james brown,,142,1956,,,,,
318,purple rain,,prince,,143,1984,,,,,
319,i wanna be sedated,,the ramones,,144,1978,,,,,
320,everyday people,,sly & family stone,,145,1968,,,,,
321,rock lobster,,the b-52's,,146,1979,,,,,
322,lust for life,,iggy pop,,147,1977,,,,,
323,me and bobby mcgee,,janis joplin,,148,1971,,,,,
324,cathy's clown,,the everly brothers,,149,1960,,,,,
325,eight miles high,,the byrds,,150,1966,,,,,
326,earth angel,,the penguins,,151,1954,,,,,
327,foxy lady,,jimi hendrix,,152,1965,,,,,
328,hard day's night,,the beatles,,153,1964,,,,,
329,rave on,,buddy holly,,154,1958,,,,,
330,proud mary,,ccr,,155,1969,,,,,
331,the sound of silence,,simon & garfunkel,,156,1965,,,,,
332,i only have eyes for you,,the flamingos,,157,1959,,,,,
333,rock around the clock,,bill haley,,158,1954,,,,,
334,i'm waiting for the man,,lou reed the velvet underground,,159,1967,,,,,
335,bring the noise,,public enemy ft. anthrax,,160,1988,,,,,
336,i can't stop loving you,,ray charles,,161,1962,,,,,
337,nothing compares 2 u,,sinead o'connor,,162,1990,,,,,
338,bohemian rhapsody,,queen,,163,1975,,,,,
339,folsom prison blues,,johnny cash,,164,1956,,,,,
340,fast car,,tracy chapman,,165,1988,,,,,
341,lose yourself,,eminem,,166,2002,,,,,
342,let’s get it on,,marvin gaye,,167,1973,,,,,
343,papa was a rollin' stone,,the temptations,,168,1972,,,,,
344,losing my religion,,r.e.m.,,169,1991,,,,,
345,both sides now,,joni mitchell,,170,1969,,,,,
346,dancing queen,,abba,,171,1976,,,,,
347,dream on,,aerosmith,,172,1973,,,,,
348,god save the queen,,the sex pistols,,173,1977,,,,,
349,paint it black,,rolling stones,,174,1966,,,,,
350,i fought the law,,bobby fuller four,,175,1966,,,,,
351,don't worry baby,,the beach boys,,176,1964,,,,,
352,free fallin',,tom petty,,177,1989,,,,,
353,september girls,,big star,,178,1974,,,,,
354,love will tear us apart,,joy division,,179,1980,,,,,
355,hey ya,,outkast,,180,2003,,,,,
356,green onions,,booker t & mgs,,181,1962,,,,,
357,save the last dance for me,,drifters,,182,1960,,,,,
358,the thrill is gone,,bb king,,183,1969,,,,,
359,"please, please me",,the beatles,,184,1964,,,,,
360,desolation row,,bob dylan,,185,1965,,,,,
361,never loved a man (the way i love you),,aretha franklin,,186,1967,,,,,
362,back in black,,ac/dc,,187,1980,,,,,
363,who'll stop the rain,,ccr,,188,1970,,,,,
364,stayin' alive,,the bee gees,,189,1977,,,,,
365,knocking on heavens door,,bob dylan,,190,1973,,,,,
366,free bird,,lynyrd skynyrd,,191,1973,,,,,
367,wichita lineman,,glen campbell,,192,1968,,,,,
368,there goes my baby,,the drifters,,193,1959,,,,,
369,peggy sue,,buddy holly,,194,1957,,,,,
370,maybe,,the chantels,,195,1957,,,,,
371,sweet child o mine,,guns n roses,,196,1987,,,,,
372,don't be cruel,,elvis presley,,197,1956,,,,,
373,hey joe,,jimi hendrix,,198,1966,,,,,
374,flashlight,,parliament funkadelic,,199,1977,,,,,
375,loser,,beck,,200,1993,,,,,
376,bizarre love triangle,,new order,,201,1986,,,,,
377,come together,,the beatles,,202,1969,,,,,
378,positively 4th street,,bob dylan,,203,1965,,,,,
379,try a little tenderness,,otis redding,,204,1966,,,,,
380,lean on me,,bill withers,,205,1972,,,,,
381,reach out i'll be there,,the four tops,,206,1966,,,,,
382,bye bye love,,the everly brothers,,207,1957,,,,,
383,gloria,,them,,208,1965,,,,,
384,in my room,,the beach boys,,209,1963,,,,,
385,96 tears,,question mark and the mysterians,,210,1966,,,,,
386,caroline no,,the beach boys,,211,1966,,,,,
387,1999,,prince,,212,1982,,,,,
388,your cheating heart,,hank williams sr.,,213,1953,,,,,
389,rockin' in the free world,,neil young,,214,1989,,,,,
390,sh-boom,,the chords,,215,1954,,,,,
391,do you believe in magic,,the lovin' spoonful,,216,1965,,,,,
392,jolene,,dolly parton,,217,1974,,,,,
393,boom boom,,john lee hooker,,218,1963,,,,,
394,spoonful,,howlin' wolf,,219,1960,,,,,
395,walk away renee,,the left banke,,220,1966,,,,,
396,walk on the wild side,,lou reed,,221,1972,,,,,
397,oh pretty woman,,roy orbison,,222,1964,,,,,
398,dance to the music,,sly & the family stone,,223,1968,,,,,
399,good times,,chic,,224,1979,,,,,
400,hoochie coochie man,,muddy waters,,225,1954,,,,,
401,moondance,,van morrison,,226,1970,,,,,
402,fire and rain,,james taylor,,227,1970,,,,,
403,should i stay or should i go,,the clash,,228,1982,,,,,
404,mannish boy,,muddy waters,,229,1955,,,,,
405,just like a woman,,bob dylan,,230,1966,,,,,
406,sexual healing,,marvin gaye,,231,1982,,,,,
407,only the lonely,,roy orbison,,232,1960,,,,,
408,we`ve gotta get out of this place,,the animals,,233,1965,,,,,
409,i'll feel a whole lot better,,the byrds,,234,1965,,,,,
410,i got a woman,,ray charles,,235,1954,,,,,
411,everyday,,buddy holly,,236,1957,,,,,
412,planet rock,,afrika bambaataa,,237,1982,,,,,
413,i fall to pieces,,patsy cline,,238,1961,,,,,
414,the wanderer,,dion,,239,1961,,,,,
415,son of a preacher man,,dusty springfield,,240,1968,,,,,
416,stand!,,sly & the family stone,,241,1969,,,,,
417,rocket man,,elton john,,242,1972,,,,,
418,love shack,,the b 52s,,243,1989,,,,,
419,gimme some lovin',,the spencer davis group,,244,1966,,,,,
420,the night they drove old dixie down,,the band,,245,1969,,,,,
421,higher and higher,,jackie wilson,,246,1967,,,,,
422,hot fun in the summertime,,sly and the family stone,,247,1969,,,,,
423,rappers delight,,sugarhill gang,,248,1979,,,,,
424,chain of fools,,aretha franklin,,249,1967,,,,,
425,paranoid,,black sabbath,,250,1970,,,,,
426,mack the knife,,bobby darin,,251,1959,,,,,
427,money honey,,the drifters,,252,1953,,,,,
428,all the young dudes,,mott the hoople,,253,1972,,,,,
429,highway to hell,,ac/dc,,254,1979,,,,,
430,heart of glass,,blondie,,255,1978,,,,,
431,paranoid android,,radiohead,,256,1997,,,,,
432,wild thing,,the troggs,,257,1966,,,,,
433,i can see for miles,,the who,,258,1967,,,,,
434,hallelujah,,jeff buckley,,259,1994,,,,,
435,"oh, what a night",,the dells,,260,1969,,,,,
436,higher ground,,stevie wonder,,261,1973,,,,,
437,ooo baby baby,,smokey robinson & the miracles,,262,1965,,,,,
438,he's a rebel,,the crystals,,263,1962,,,,,
439,sail away,,randy newman,,264,1972,,,,,
440,tighten' up,,archie bell,,265,1968,,,,,
441,walking in the rain,,the ronettes,,266,1964,,,,,
442,personality crisis,,new york dolls,,267,1973,,,,,
443,sunday bloody sunday,,u2,,268,1983,,,,,
444,roadrunner,,the modern lovers,,269,1976,,,,,
445,he stopped loving her today,,george jones,,270,1980,,,,,
446,sloop john b,,the beach boys,,271,1966,,,,,
447,sweet little sixteen,,chuck berry,,272,1958,,,,,
448,something,,the beatles,,273,1969,,,,,
449,somebody to love,,jefferson airplane,,274,1967,,,,,
450,born in the usa,,bruce springsteen,,275,1984,,,,,
451,i'll take you there,,the staple singers,,276,1972,,,,,
452,ziggy stardust,,david bowie,,277,1972,,,,,
453,pictures of you,,the cure,,278,1989,,,,,
454,chapel of love,,the dixie cups,,279,1964,,,,,
455,ain’t no sunshine,,bill withers,,280,1971,,,,,
456,you are the sunshine of my life,,stevie wonder,,281,1972,,,,,
457,help me,,joni mitchell,,282,1974,,,,,
458,call me,,blondie,,283,1980,,,,,
459,"what's so funny about peace, love & …",,elvis costello,,284,1979,,,,,
460,smoke stack lightnin',,howlin' wolf,,285,1965,,,,,
461,summer babe,,pavement,,286,1992,,,,,
462,walk this way,,run dmc,,287,1986,,,,,
463,money (that's what i want),,barrett strong,,288,1960,,,,,
464,can't buy me love,,the beatles,,289,1964,,,,,
465,stan,,eminem feat. dido,,290,2000,,,,,
466,she's not there,,the zombies,,291,1964,,,,,
467,train in vain,,the clash,,292,1979,,,,,
468,tired of being alone,,al green,,293,1971,,,,,
469,black dog,,led zeppelin,,294,1971,,,,,
470,street fighting man,,the rolling stones,,295,1968,,,,,
471,"get up, stand up",,bob marley,,296,1975,,,,,
472,heart of gold,,neil young,,297,1972,,,,,
473,one way or another,,blondie,,298,1978,,,,,
474,sign 'o' the times,,prince,,299,1987,,,,,
475,like a prayer,,madonna,,300,1989,,,,,
476,da ya think i'm sexy,,rod stewart,,301,1978,,,,,
477,blue eyes crying in the rain,,willie nelson,,302,1975,,,,,
478,ruby tuesday,,the rolling stones,,303,1967,,,,,
479,with a little help from my friends,,the beatles,,304,1967,,,,,
480,say it loud i'm black and i'm proud,,james brown,,305,1968,,,,,
481,that's entertainment,,the jam,,306,1980,,,,,
482,why do fools fall in love,,franky lymon,,307,1956,,,,,
483,lonely teardrops,,jackie wilson,,308,1958,,,,,
484,what's love got to do with it,,tina turner,,309,1984,,,,,
485,iron man,,black sabbath,,310,1971,,,,,
486,wake up little susie,,the everly brothers,,311,1957,,,,,
487,in dreams,,roy orbison,,312,1963,,,,,
488,i put a spell on you,,screamin' jay hawkins,,313,1956,,,,,
489,comfortably numb,,pink floyd,,314,1979,,,,,
490,don't let me be misunderstood,,the animals,,315,1965,,,,,
491,wish you were here,,pink floyd,,316,1975,,,,,
492,many rivers to cross,,jimmy cliff,,317,1969,,,,,
493,alison,,elvis costello,,318,1977,,,,,
494,schools out,,alice cooper,,319,1972,,,,,
495,heartbreaker,,led zeppelin,,320,1969,,,,,
496,cortez the killer,,neil young,,321,1975,,,,,
497,fight the power,,public enemy,,322,1989,,,,,
498,dancing barefoot,,patti smith,,323,1979,,,,,
499,baby love,,diana ross & the supremes,,324,1964,,,,,
500,good lovin,,the rascals,,325,1966,,,,,
501,get up (i feel like being a) sex machine,,james brown,,326,1970,,,,,
502,for your precious love,,jerry butler,,327,1958,,,,,
503,the end,,the doors,,328,1967,,,,,
504,that's the way of the world,,"earth, wind & fire",,329,1975,,,,,
505,we will rock you,,the queen,,330,1977,,,,,
506,i can't make you love me,,bonnie raitt,,331,1991,,,,,
507,subterranean homesick blues,,bob dylan,,332,1965,,,,,
508,spirit in the sky,,norman greenbaum,,333,1970,,,,,
509,wild horses,,the rolling stones,,334,1971,,,,,
510,sweet jane,,"lou reed, the velvet underground",,335,1970,,,,,
511,walk this way,,aerosmith & run dmc,,336,1976,,,,,
512,beat it,,michael jackson,,337,1982,,,,,
513,maybe i'm amazed,,paul mccartney,,338,1970,,,,,
514,you keep me hangin' on,,diana ross & the supremes,,339,1966,,,,,
515,baba o'riley,,the who,,340,1971,,,,,
516,the harder they come,,jimmy cliff,,341,1975,,,,,
517,runaround sue,,dion & the belmonts,,342,1961,,,,,
518,jim dandy,,lavern baker,,343,1956,,,,,
519,piece of my heart,,janis joplin,,344,1968,,,,,
520,la bamba,,ritchie valens,,345,1958,,,,,
521,california love,,tupac shakur,,346,1996,,,,,
522,candle in the wind,,elton john,,347,1973,,,,,
523,who's that lady,,the isley brothers,,348,1973,,,,,
524,spanish harlem,,ben e. king,,349,1960,,,,,
525,the loco-motion,,little eva,,350,1962,,,,,
526,the great pretender,,the platters,,351,1955,,,,,
527,all shook up,,elvis presley,,352,1955,,,,,
528,tears in heaven,,eric clapton,,353,1992,,,,,
529,watching the detectives,,elvis costello,,354,1977,,,,,
530,bad moon rising,,ccr,,355,1969,,,,,
531,sweet dreams,,eurythmics,,356,1983,,,,,
532,little wing,,jimi hendrix,,357,1968,,,,,
533,nowhere to run,,martha reeves and the vandellas,,358,1965,,,,,
534,got my mojo working,,muddy waters,,359,1957,,,,,
535,killing me softly with his son,,roberta flack,,360,1973,,,,,
536,complete control,,the clash,,361,1979,,,,,
537,all you need is love,,the beatles,,362,1967,,,,,
538,the letter,,the box tops,,363,1967,,,,,
539,highway 61 revisited,,bob dylan,,364,1965,,,,,
540,unchained melody,,the righteous brothers,,365,1965,,,,,
541,how deep is your love,,the bee gees,,366,1977,,,,,
542,white room,,cream,,367,1968,,,,,
543,personal jesus,,depeche mode,,368,1989,,,,,
544,i'm a man,,bo diddley,,369,1955,,,,,
545,the wind cries mary,,jimi hendrix,,370,1967,,,,,
546,i can't explain,,the who,,371,1965,,,,,
547,marquee moon,,television,,372,1977,,,,,
548,wonderful world,,sam cooke,,373,1960,,,,,
549,brown eyed handsome man,,chuck berry,,374,1956,,,,,
550,another brick in the wall part 2,,pink floyd,,375,1979,,,,,
551,fake plastic trees,,radiohead,,376,1996,,,,,
552,hit the road jack,,ray charles,,377,1961,,,,,
553,pride (in the name of love),,u2,,378,1984,,,,,
554,radio free europe,,r.e.m.,,379,1991,,,,,
555,goodbye yellow brick road,,elton john,,380,1973,,,,,
556,tell it like it is,,aaron neville,,381,1965,,,,,
557,bitter sweet symphony,,the verve,,382,1997,,,,,
558,whipping post,,the allman brothers band,,383,1971,,,,,
559,ticket to ride,,the beatles,,384,1965,,,,,
560,ohio,,"crosby, stills, nash & young",,385,1970,,,,,
561,i know you got soul,,eric b. and rakim,,386,1987,,,,,
562,tiny dancer,,elton john,,387,1972,,,,,
563,roxanne,,the police,,388,1978,,,,,
564,just my imagination,,the temptations,,389,1971,,,,,
565,baby i need your loving,,the four tops,,390,1965,,,,,
566,band of gold,,freda payne,,391,1970,,,,,
567,o-o-h child,,the five stairsteps,,392,1970,,,,,
568,summer in the city,,the lovin’ spoonful,,393,1966,,,,,
569,can't help falling in love,,elvis presley,,394,1961,,,,,
570,remember (walkin' in the sand),,the shangri-las,,395,1964,,,,,
571,thirteen,,big star,,396,1972,,,,,
572,(don`t fear) the reaper,,blue oyster cult,,397,1976,,,,,
573,sweet home alabama,,lynyrd skynyrd,,398,1974,,,,,
574,enter sandman,,metallica,,399,1991,,,,,
575,kicks,,paul revere & the raiders,,400,1966,,,,,
576,tonight's the night,,the shirelles,,401,1960,,,,,
577,thank you (falettinme be mice elf again),,sly and the family stone,,402,1970,,,,,
578,c'mon everybody,,eddie cochran,,403,1958,,,,,
579,visions of johanna,,bob dylan,,404,1966,,,,,
580,we've only just begun,,the carpenters,,405,1971,,,,,
581,i believe i can fly,,r. kelly,,406,1996,,,,,
582,in bloom,,nirvana,,407,1992,,,,,
583,sweet emotion,,aerosmith,,408,1975,,,,,
584,crossroads,,cream,,409,1969,,,,,
585,monkey gone to heaven,,pixies,,410,1989,,,,,
586,i feel love,,donna summer,,411,1977,,,,,
587,ode to billy joe,,bobbie gentry,,412,1967,,,,,
588,the girl can't help it,,little richard,,413,1957,,,,,
589,young blood,,the coasters,,414,1957,,,,,
590,i can't help myself,,the four tops,,415,1965,,,,,
591,the boys of summer,,don henley,,416,1984,,,,,
592,fuck the police,,n.w.a.,,417,1988,,,,,
593,suite judy blue eyes,,"crosby, stills & nash",,418,1969,,,,,
594,nuthin' but a 'g' thang,,dr. dre,,419,1993,,,,,
595,it's your thing,,the isley brothers,,420,1969,,,,,
596,piano man,,billy joel,,421,1973,,,,,
597,lola,,the kinks,,422,1970,,,,,
598,blue suede shoes,,elvis presley,,423,1956,,,,,
599,tumbling dice,,the rolling stones,,424,1972,,,,,
600,"william, it was really nothing",,the smiths,,425,1984,,,,,
601,smoke on the water,,deep purple,,426,1972,,,,,
602,new year's day,,u2,,427,1983,,,,,
603,devil with a blue dress on good golly,,mitch ryder & the detroit wheels,,428,1966,,,,,
604,everybody needs somebody to love,,solomon burke,,429,1964,,,,,
605,white man in hammersmith palais,,the clash,,430,1978,,,,,
606,ain't it a shame,,fats domino,,431,1955,,,,,
607,midnight train to georgia,,gladys knight and the pips,,432,1977,,,,,
608,ramble on,,led zeppelin,,433,1969,,,,,
609,mustang sally,,wilson pickett,,434,1966,,,,,
610,beast of burden,,the rolling stones,,435,1981,,,,,
611,alone again or,,love,,436,1967,,,,,
612,love me tender,,elvis presley,,437,1956,,,,,
613,i wanna be your dog,,the stooges,,438,1969,,,,,
614,pink houses,,john cougar mellenkamp,,439,1984,,,,,
615,push it,,salt-n-pepa,,440,1987,,,,,
616,come go with me,,the dell-vikings,,441,1957,,,,,
617,keep a knockin',,little richard,,442,1957,,,,,
618,i shot the sheriff,,bob marley & the wailers,,443,1973,,,,,
619,i got you babe,,sonny & cher,,444,1965,,,,,
620,come as you are,,nirvana,,445,1992,,,,,
621,pressure drop,,toots and the maytals,,446,1968,,,,,
622,leader of the pack,,the shangri-las,,447,1964,,,,,
623,heroin,,the velvet underground,,448,1967,,,,,
624,penny lane,,the beatles,,449,1967,,,,,
625,by the time i get to phoenix,,glen campbell,,450,1967,,,,,
626,the twist,,chubby checker,,451,1960,,,,,
627,cupid,,sam cooke,,452,1961,,,,,
628,paradise city,,guns ‘n' roses,,453,1987,,,,,
629,my sweet lord,,george harrison,,454,1970,,,,,
630,all apologies,,nirvana,,455,1994,,,,,
631,stagger lee,,lloyd price,,456,1958,,,,,
632,sheena is a punk rocker,,ramones,,457,1977,,,,,
633,soul man,,sam & dave,,458,1965,,,,,
634,rollin' stone,,muddy waters,,459,1950,,,,,
635,one fine day,,the chiffons,,460,1963,,,,,
636,kiss,,prince and the revolution,,461,1986,,,,,
637,respect yourself,,the staple singers,,462,1972,,,,,
638,rain,,the beatles,,463,1966,,,,,
639,standing in the shadows of love,,the four tops,,464,1966,,,,,
640,surrender,,cheap trick,,465,1978,,,,,
641,runaway,,del shannon,,466,1961,,,,,
642,welcome to the jungle,,guns ‘n' roses,,467,1987,,,,,
643,search and destroy,,the stooges,,468,1964,,,,,
644,it's too late,,carole king,,469,1971,,,,,
645,free man in paris,,joni mitchell,,470,1974,,,,,
646,on the road again,,willie nelson,,471,1980,,,,,
647,where did our love go,,the supremes,,472,1964,,,,,
648,do right woman - do right man,,aretha franklin,,473,1967,,,,,
649,one nation under a groove (part. 1),,funkadelic,,474,1978,,,,,
650,sabotage,,beastie boys,,475,1994,,,,,
651,i want to know what love is,,foreigner,,476,1984,,,,,
652,super freak,,rick james,,477,1981,,,,,
653,white rabbit,,jefferson airplane,,478,1967,,,,,
654,lady marmalade,,labelle,,479,1974,,,,,
655,into the mystic,,van morrison,,480,1970,,,,,
656,young americans,,david bowie,,481,1975,,,,,
657,i'm eighteen,,alice cooper,,482,1971,,,,,
658,just like heaven,,the cure,,483,1987,,,,,
659,i love rock and roll,,joan jett,,484,1981,,,,,
660,graceland,,paul simon,,485,1986,,,,,
661,how soon is now,,the smiths,,486,1984,,,,,
662,under the boardwalk,,the drifters,,487,1964,,,,,
663,rhiannon,,fleetwood mac,,488,1975,,,,,
664,i will survive,,gloria gaynor,,489,1978,,,,,
665,brown sugar,,the rolling stones,,490,1971,,,,,
666,you don't have to say you love me,,dusty springfield,,491,1966,,,,,
667,running on empty,,jackson browne,,492,1977,,,,,
668,then he kissed me,,the crystals,,493,1963,,,,,
669,desperado,,the eagles,,494,1973,,,,,
670,shop around,,smokey robinson,,495,1960,,,,,
671,miss you,,the rolling stones,,496,1978,,,,,
672,buddy holly,,weezer,,497,1994,,,,,
673,rainy night in georgia,,brook benton,,498,1970,,,,,
674,the boys are back in town,,thin lizzy,,499,1976,,,,,
675,more than a feeling,,boston,,500,1976,,,,,
676,,smells like teen spirit,,nirvana,,1,,,,,
677,,love will tear us apart,,joy division,,2,,,,,
678,,i feel love,,donna summer,,3,,,,,
679,,how soon is now?,,the smiths,,4,,,,,
680,,last night,,the strokes,,5,,,,,
681,,common people,,pulp,,6,,,,,
682,,i bet you look good on the dancefloor,,arctic monkeys,,7,,,,,
683,,blue monday,,new order,,8,,,,,
684,,be my baby,,the ronettes,,9,,,,,
685,,good vibrations,,the beach boys,,10,,,,,
686,,eleanor rigby,,the beatles,,11,,,,,
687,,there is a light that never goes out,,the smiths,,12,,,,,
688,,live forever,,oasis,,13,,,,,
689,,god only knows,,the beach boys,,14,,,,,
690,,“heroes”,,david bowie,,15,,,,,
691,,seven nation army,,the white stripes,,16,,,,,
692,,a day in the life,,the beatles,,17,,,,,
693,,hey ya!,,outkast,,18,,,,,
694,,heart of glass,,blondie,,19,,,,,
695,,girls & boys,,blur,,20,,,,,
696,,ghost town,,the specials,,21,,,,,
697,,there she goes,,the la's,,22,,,,,
698,,waterloo sunset,,the kinks,,23,,,,,
699,,hurricane,,bob dylan,,24,,,,,
700,,wake up,,arcade fire,,25,,,,,
701,,losing my edge,,lcd soundsystem,,26,,,,,
702,,god save the queen,,sex pistols,,27,,,,,
703,,time for heroes,,the libertines,,28,,,,,
704,,gimme shelter,,the rolling stones,,29,,,,,
705,,once in a lifetime,,talking heads,,30,,,,,
706,,fools gold,,the stone roses,,31,,,,,
707,,london calling,,the clash,,32,,,,,
708,,animal nitrate,,suede,,33,,,,,
709,,life on mars?,,david bowie,,34,,,,,
710,,strawberry fields forever,,the beatles,,35,,,,,
711,,wonderwall,,oasis,,36,,,,,
712,,river deep mountain high,,ike and tina turner,,37,,,,,
713,,nothing compares 2 u,,sinead o' connor,,38,,,,,
714,,maps,,yeah yeah yeahs,,39,,,,,
715,,99 problems,,jay-z,,40,,,,,
716,,back to black,,amy winehouse,,41,,,,,
717,,the universal,,blur,,42,,,,,
718,,a design for life,,manic street preachers,,43,,,,,
719,,debaser,,pixies,,44,,,,,
720,,paranoid android,,radiohead,,45,,,,,
721,,i heard it through the grapevine,,marvin gaye,,46,,,,,
722,,like a prayer,,madonna,,47,,,,,
723,,boys don't cry,,the cure,,48,,,,,
724,,like a rolling stone,,bob dylan,,49,,,,,
725,,walk on the wild side,,lou reed,,50,,,,,
726,,ashes to ashes,,david bowie,,51,,,,,
727,,one more time,,daft punk,,52,,,,,
728,,paper plane,,mia,,53,,,,,
729,,born to run,,bruce springsteen,,54,,,,,
730,,the model,,kraftwerk,,55,,,,,
731,,sabotage,,beastie boys,,56,,,,,
732,,billie jean,,michael jackson,,57,,,,,
733,,suspicious minds,,elvis presley,,58,,,,,
734,,loaded,,primal scream,,59,,,,,
735,,babies,,pulp,,60,,,,,
736,,true faith,,new order,,61,,,,,
737,,young americans,,david bowie,,62,,,,,
738,,unfinished sympathy,,massive attack,,63,,,,,
739,,this charming man,,the smiths,,64,,,,,
740,,stand by me,,ben e king,,65,,,,,
741,,straight outta compton,,nwa,,66,,,,,
742,,cigarettes & alcohol,,oasis,,67,,,,,
743,,blackbird,,the beatles,,68,,,,,
744,,(white man) in hammersmith palais,,the clash,,69,,,,,
745,,my generation,,the who,,70,,,,,
746,,ever fallen in love (with someone you shouldn't),,buzzcocks,,71,,,,,
747,,venus in furs,,the velvet underground,,72,,,,,
748,,sheela-na-gig,,pj harvey,,73,,,,,
749,,take me out,,franz ferdinand,,74,,,,,
750,,dry your eyes,,the streets,,75,,,,,
751,,wuthering heights,,kate bush,,76,,,,,
752,,hey jude,,the beatles,,77,,,,,
753,,into my arms,,nick cave & the bad seeds,,78,,,,,
754,,fell in love with a girl,,the white stripes,,79,,,,,
755,,taxman,,the beatles,,80,,,,,
756,,niggas in paris,,jay-z & kanye west,,81,,,,,
757,,crazy in love,,beyonce,,82,,,,,
758,,complete control,,the clash,,83,,,,,
759,,anarchy in the uk,,sex pistols,,84,,,,,
760,,everyday is like sunday,,morrissey,,85,,,,,
761,,get yr freak on,,missy elliott,,86,,,,,
762,,video games,,lana del rey,,87,,,,,
763,,lose yourself,,eminem,,88,,,,,
764,,hallelujah,,jeff buckley,,89,,,,,
765,,time to pretend,,mgmt,,90,,,,,
766,,all my friends,,lcd soundsystem,,91,,,,,
767,,toxic,,britney spears,,92,,,,,
768,,gold digger,,kanye west,,93,,,,,
769,,do you realize??,,the flaming lips,,94,,,,,
770,,fight the power,,public enemy,,95,,,,,
771,,what a waster,,the libertines,,96,,,,,
772,,the message,,grandmaster flash & the furious five,,97,,,,,
773,,killing in the name,,rage against the machine,,98,,,,,
774,,no one knows,,queens of the stone age,,99,,,,,
775,,i am the resurrection,,the stone roses,,100,,,,,
776,,loosing my religion,,r.e.m,,101,,,,,
777,,motorcycle emptiness,,manic street preachers,,102,,,,,
778,,superstition,,stevie wonder,,103,,,,,
779,,the drowners,,suede,,104,,,,,
780,,song 2,,blur,,105,,,,,
781,,don't look back in anger,,oasis,,106,,,,,
782,,house of jealous lovers,,the rapture,,107,,,,,
783,,running up that hill,,kate bush,,108,,,,,
784,,standing in the way of control,,gossip,,109,,,,,
785,,ice hocky hair,,super furry animals,,110,,,,,
786,,rescue me,,fontella bass,,111,,,,,
787,,supersonic,,oasis,,112,,,,,
788,,when doves cry,,prince,,113,,,,,
789,,step on,,happy mondays,,114,,,,,
790,,bitter sweet symphony,,the verve,,115,,,,,
791,,mr brightside,,the killers,,116,,,,,
792,,geno,,dexys midnight runners,,117,,,,,
793,,someday,,the strokes,,118,,,,,
794,,waterfall,,the stone roses,,119,,,,,
795,,virginia plane,,roxy music,,120,,,,,
796,,celebrity skin,,hole,,121,,,,,
797,,hotel yorba,,the white stripes,,122,,,,,
798,,purple rain,,prince,,123,,,,,
799,,teenage kicks,,the undertones,,124,,,,,
800,,disco 2000,,pulp,,125,,,,,
801,,just like honey,,the jesus and mary chain,,126,,,,,
802,,regulate,,warren g - & nate dogg,,127,,,,,
803,,the eaton rifles,,the jam,,128,,,,,
804,,a change is gonna come,,sam cooke,,129,,,,,
805,,wichita lineman,,glen campbell,,130,,,,,
806,,jumpin' jack flash,,the rolling stones,,131,,,,,
807,,pretty vacant,,sex pistols,,132,,,,,
808,,gigantic,,pixies,,133,,,,,
809,,over and over,,hot chip,,134,,,,,
810,,the only one i know,,the charlatans,,135,,,,,
811,,paint it black,,the rolling stones,,136,,,,,
812,,man's needs,,the cribs,,137,,,,,
813,,monster,,kanye west,,138,,,,,
814,,no woman no cry,,bob marley,,139,,,,,
815,,windowlicker,,aphex twin,,140,,,,,
816,,alone again or,,love,,141,,,,,
817,,creep,,radiohead,,142,,,,,
818,,hello goodbye,,the beatles,,143,,,,,
819,,some velvet morning,,lee hazlewood & nancy sinatra,,145,,,,,
820,,west end girls,,pet shop boys,,148,,,,,
821,,all the young dudes,,mott the hoople,,149,,,,,
822,,(sittin' on) the dock of the bay,,otis redding,,150,,,,,
823,,follow the leader,,eric b & rakim,,151,,,,,
824,,dancing in the street,,martha reeves & the vandellas,,152,,,,,
825,,freak scene,,dinosaur jr,,153,,,,,
826,,papa's got a brand new bag,,james brown,,154,,,,,
827,,ace of spades,,motorhead,,155,,,,,
828,,i want to hold your hand,,the beatles,,156,,,,,
829,,louie louie,,the kingsman,,157,,,,,
830,,tiny dancer,,elton john,,158,,,,,
831,,purple haze,,the jimi hendrix experience,,159,,,,,
832,,transmission,,joy division,,160,,,,,
833,,son of a preacher man,,dusty springfield,,161,,,,,
834,,changes,,david bowie,,162,,,,,
835,,i want you back,,the jacksons,,163,,,,,
836,,"fix up, look sharp",,dizzee rascal,,164,,,,,
837,,cannonball,,the breeders,,165,,,,,
838,,(you gotta) fight for your right to party,,beastie boys,,166,,,,,
839,,daniel,,bat for lashes,,168,,,,,
840,,green onions,,booker t,,169,,,,,
841,,higher than the sun,,primal scream,,170,,,,,
842,,a-punk,,vampire weekend,,171,,,,,
843,,someone great,,lcd soundsystem,,172,,,,,
844,,rebel without a pause,,public enemy,,173,,,,,
845,,yes,,mcalmont & butler,,174,,,,,
846,,won't get fooled again,,the who,,175,,,,,
847,,can't stand me now,,the libertines,,176,,,,,
848,,roll over beethoven,,chuck berry,,177,,,,,
849,,the tracks of my tears,,smokey robinson & the miracles,,178,,,,,
850,,never understand,,the jesus and mary chain,,179,,,,,
851,,shake some action,,flamin' groovies,,180,,,,,
852,,protest ya neck,,wu-tang clan,,181,,,,,
853,,i can see for miles,,the who,,182,,,,,
854,,no good (start the dance),,the prodigy,,183,,,,,
855,,under pressure,,queen & david bowie,,184,,,,,
856,,there goes the fear,,doves,,185,,,,,
857,,subterranean homesick blues,,bob dylan,,186,,,,,
858,,the concept,,teenage fanclub,,187,,,,,
859,,mardy bum,,arctic monkeys,,188,,,,,
860,,don't look back into the sun,,the libertines,,189,,,,,
861,,shoot speed/kill light,,primal scream,,190,,,,,
862,,nowhere to run,,martha & the vandellas,,191,,,,,
863,,alright,,supergrass,,194,,,,,
864,,atmosphere,,joy division,,195,,,,,
865,,made of stone,,the stone roses,,196,,,,,
866,,monkeys gone to heaven,,pixies,,197,,,,,
867,,this is a low,,blur,,198,,,,,
868,,light my fire,,the doors,,199,,,,,
869,,where is my mind?,,pixies,,200,,,,,
870,,i'm waiting for the man,,the velvet underground,,201,,,,,
871,,what's going on,,marvin gaye,,202,,,,,
872,,crazy,,patsy kline,,203,,,,,
873,,fairytale of new york,,the pogues & kirsty maccoll,,204,,,,,
874,,reptilla,,the strokes,,205,,,,,
875,,rise,,pil,,206,,,,,
876,,levi stubbs tears,,billy bragg,,207,,,,,
877,,da funk,,daft punk,,208,,,,,
878,,jealous guy,,john lennon,,209,,,,,
879,,hit the north,,the fall,,210,,,,,
880,,you keep me hanging on,,the supremes,,211,,,,,
881,,radio free europe,,r.e.m,,212,,,,,
882,,here comes your man,,pixies,,213,,,,,
883,,solsbury hill,,peter gabriel,,214,,,,,
884,,lithium,,nirvana,,215,,,,,
885,,rip it up,,orange juice,,216,,,,,
886,,faster,,manic street preachers,,217,,,,,
887,,straight to you,,nick cave and the bad seeds,,218,,,,,
888,,you really got me,,the kinks,,219,,,,,
889,,end of the century,,blur,,220,,,,,
890,,mrs robinson,,simon and garfunkel,,221,,,,,
891,,golden skans,,klaxons,,222,,,,,
892,,electricity,,spiritualized,,223,,,,,
893,,birthday,,the sugarcubes,,224,,,,,
894,,get up (i feel like being) a sex machine,,james brown,,225,,,,,
895,,respect,,aretha franklin,,226,,,,,
896,,sympathy for the devil,,the rolling stones,,227,,,,,
897,,temptation,,new order,,228,,,,,
898,,oblivion,,grimes,,229,,,,,
899,,ms jackson,,outkast,,230,,,,,
900,,do i wanna know?,,arctic monkeys,,231,,,,,
901,,(don't fear) the reaper,,blue oyster cult,,232,,,,,
902,,get it on,,t rex,,233,,,,,
903,,psycho killer,,talking heads,,234,,,,,
904,,jailhouse rock,,elvis presley,,235,,,,,
905,,in between days,,the cure,,236,,,,,
906,,blitzkrieg bop,,ramones,,237,,,,,
907,,tupelo,,nick cave and the bad seeds,,238,,,,,
908,,whatever,,oasis,,239,,,,,
909,,rent,,pet shop boys,,240,,,,,
910,,sour times,,portishead,,241,,,,,
911,,public image,,pil,,242,,,,,
912,,dry the rain,,the beta band,,243,,,,,
913,,motown junk,,manic street preachers,,244,,,,,
914,,fuck forever,,babyshambles,,245,,,,,
915,,voodoo child (slight return),,the jimi hendrix experience,,246,,,,,
916,,intergalactic,,beastie boys,,247,,,,,
917,,my girls,,animal collective,,248,,,,,
918,,sexy boy,,air,,249,,,,,
919,,space oddity,,david bowie,,250,,,,,
920,,oliver's army,,elvis costello & the attractions,,251,,,,,
921,,still dre,,dr dre feat,,252,,,,,
922,,come on eileen,,dexys midnight runners,,253,,,,,
923,,this is hardcore,,pulp,,254,,,,,
924,,got your money,,ol' dirty bastard,,255,,,,,
925,,sea within a sea,,the horrors,,256,,,,,
926,,feel good hit of the summer,,queens of the stone age,,257,,,,,
927,,walk this way,,run-dmc,,258,,,,,
928,,waterfalls,,tlc,,259,,,,,
929,,sexx laws,,beck,,260,,,,,
930,,born slippy,,underworld,,261,,,,,
931,,music sounds better with you,,stardust,,262,,,,,
932,,hound dog,,elvis presley,,263,,,,,
933,,paperback writer,,the beatles,,264,,,,,
934,,empire state of mind,,jay-z,,265,,,,,
935,,shake your body (down to the ground),,the jacksons,,266,,,,,
936,,trash,,suede,,267,,,,,
937,,only love can break your heart,,saint etienne,,268,,,,,
938,,perfect day,,lou reed,,269,,,,,
939,,my sweet lord,,george harrison,,270,,,,,
940,,you love us,,manic street preachers,,271,,,,,
941,,hallelujah,,happy mondays,,272,,,,,
942,,leave them all behind,,ride,,273,,,,,
943,,reach out and i'll be there,,the four tops,,274,,,,,
944,,little fluffy clouds,,the orb,,275,,,,,
945,,my name is,,eminem,,276,,,,,
946,,tangled up in blue,,bob dylan,,277,,,,,
947,,hounds of love,,kate bush,,278,,,,,
948,,velouria,,pixies,,279,,,,,
949,,she loves you,,the beatles,,280,,,,,
950,,one day like this,,elbow,,281,,,,,
951,,connection,,elastica,,282,,,,,
952,,bigmouth strikes again,,the smiths,,283,,,,,
953,,caught by the fuzz,,supergrass,,284,,,,,
954,,crimewave,,crystal castles,,285,,,,,
955,,band on the run,,wings,,286,,,,,
956,,get lucky,,daft punk,,287,,,,,
957,,it's a man's man's man's world,,james brown,,288,,,,,
958,,rebellion (lies),,arcade fire,,289,,,,,
959,,daddy's gone,,glasvegas,,290,,,,,
960,,shipbuilding,,robert wyatt,,291,,,,,
961,,mr blue sky,,electric light orchestra,,292,,,,,
962,,for lovers,,wolfman feat,,293,,,,,
963,,family affair,,sly and the family stone,,294,,,,,
964,,fashion,,david bowie,,295,,,,,
965,,the words that maketh murder,,pj harvey,,296,,,,,
966,,you can't always get what you want,,the rolling stones,,297,,,,,
967,,jump around,,house of pain,,298,,,,,
968,,crash,,the primitives,,299,,,,,
969,,20th century boy,,t rex,,300,,,,,
970,,enjoy the silence,,dépêche mode,,301,,,,,
971,,fake plastic trees,,radiohead,,302,,,,,
972,,suzanne,,leonard cohen,,303,,,,,
973,,something,,the beatles,,304,,,,,
974,,tainted love,,gloria jones,,305,,,,,
975,,beetlebum,,blur,,306,,,,,
976,,going underground,,the jam,,307,,,,,
977,,spanish sahara,,foals,,308,,,,,
978,,outdoor miner,,wire,,309,,,,,
979,,papa was a rolling stone,,the temptations,,310,,,,,
980,,ticket to ride,,the beatles,,311,,,,,
981,,history,,the verve,,312,,,,,
982,,1999,,prince,,313,,,,,
983,,kick out the jams,,mc5,,314,,,,,
984,,all along the watchtower,,jimi hendrix,,315,,,,,
985,,here,,pavement,,316,,,,,
986,,zero,,yeah yeah yeahs,,317,,,,,
987,,ring of fire,,johnny cash,,318,,,,,
988,,one nation under a groove,,funkadelic,,319,,,,,
989,,brimful of asha,,cornershop,,320,,,,,
990,,itchycoo park,,small faces,,321,,,,,
991,,big time sensuality,,bjork,,322,,,,,
992,,personal jesus,,dépêche mode,,323,,,,,
993,,destroy the heart,,house of love,,324,,,,,
994,,strange fruit,,billy holiday,,325,,,,,
995,,sexual healing,,marvin gaye,,326,,,,,
996,,man in the mirror,,michael jackson,,327,,,,,
997,,my favourite dress,,the wedding present,,328,,,,,
998,,"two steps, twice",,foals,,329,,,,,
999,,novocaine for the soul,,eels,,330,,,,,
1000,,karmacoma,,massive attack,,331,,,,,
1001,,rave on,,buddy holly,,332,,,,,
1002,,go west,,pet shop boys,,333,,,,,
1003,,she bangs the drums,,the stone roses,,334,,,,,
1004,,the man don't give a fuck,,super furry animals,,335,,,,,
1005,,come together,,the beatles,,336,,,,,
1006,,all day and all of the night,,the kinks,,337,,,,,
1007,,dare,,gorillaz,,338,,,,,
1008,,because the night,,patti smith,,339,,,,,
1009,,stan,,eminem,,340,,,,,
1010,,caught out there,,kelis,,341,,,,,
1011,,club foot,,kasabian,,342,,,,,
1012,,california dreaming,,the mamas and the papas,,343,,,,,
1013,,runaway,,kanye west,,344,,,,,
1014,,fluorescent adolescent,,arctic monkeys,,345,,,,,
1015,,only you,,yazoo,,346,,,,,
1016,,clint eastwood,,gorillaz,,347,,,,,
1017,,eight miles high,,the byrds,,348,,,,,
1018,,just can't get enough,,dépêche mode,,349,,,,,
1019,,rehab,,amy winehouse,,350,,,,,
1020,,float on,,modest mouse,,351,,,,,
1021,,cecilia,,simon and garfunkel,,352,,,,,
1022,,hey boy hey girl,,the chemical brothers,,353,,,,,
1023,,millionaire,,kelis,,355,,,,,
1024,,close to me,,the cure,,356,,,,,
1025,,the sun ain't gonna shine any more,,the walker brothers,,357,,,,,
1026,,sex and drugs and rock and roll,,ian dury and the blockheads,,358,,,,,
1027,,for tomorrow,,blur,,359,,,,,
1028,,pictures of you,,the cure,,360,,,,,
1029,,paid in full,,eric b & rakim,,361,,,,,
1030,,enter sandman,,metallica,,362,,,,,
1031,,bad moon rising,,credence clearwater revival,,363,,,,,
1032,,killing of a flash boy,,suede,,364,,,,,
1033,,teen age riot,,sonic youth,,365,,,,,
1034,,friday i'm in love,,the cure,,366,,,,,
1035,,voodoo ray,,a guy called gerald,,367,,,,,
1036,,you made me realise,,my bloody valentine,,368,,,,,
1037,,half a world away,,oasis,,369,,,,,
1038,,the wild ones,,suede,,370,,,,,
1039,,hyperballad,,bjork,,371,,,,,
1040,,don't believe the hype,,public enemy,,372,,,,,
1041,,brainstorm,,arctic monkeys,,373,,,,,
1042,,love action (i believe in),,the human league,,374,,,,,
1043,,don't stop 'till you get enough,,michael jackson,,375,,,,,
1044,,roadrunner,,jonathan richman & the modern lovers,,376,,,,,
1045,,bennie and the jets,,elton john,,377,,,,,
1046,,where the wild roses grow,,nick cave & kylie minogue,,378,,,,,
1047,,i'll feel a whole lot better,,the byrds,,379,,,,,
1048,,piledriver waltz,,arctic monkeys,,380,,,,,
1049,,kids,,mgmt,,381,,,,,
1050,,while my guitar gently weeps,,the beatles,,382,,,,,
1051,,lapdance,,n*e*r*d,,383,,,,,
1052,,typical girls,,the slits,,384,,,,,
1053,,champagne supernoa,,oasis,,385,,,,,
1054,,cut your hair,,pavement,,386,,,,,
1055,,oh pretty woman,,roy orbison,,387,,,,,
1056,,the boy with the thorn in his side,,the smiths,,388,,,,,
1057,,there's no other way,,blur,,389,,,,,
1058,,me & julio down in the school yard,,paul simon,,390,,,,,
1059,,paranoid,,black sabbath,,391,,,,,
1060,,i feel for you,,chaka khan,,392,,,,,
1061,,to the end,,blur,,393,,,,,
1062,,no more heroes,,the stranglers,,394,,,,,
1063,,sheila,,jamie t,,395,,,,,
1064,,the real slim shady,,eminem,,396,,,,,
1065,,the mercy seat,,nick cave and the bad seeds,,397,,,,,
1066,,us,,regina spektor,,398,,,,,
1067,,slide away,,oasis,,399,,,,,
1068,,learn to fly,,foo fighters,,400,,,,,
1069,,"television, the drug of the nation",,the disposable heroes of hiphoprisy,,401,,,,,
1070,,the boys are back in town,,thin lizzy,,402,,,,,
1071,,reverend black grape,,black grape,,403,,,,,
1072,,where the streets have no name,,u2,,404,,,,,
1073,,bad girls,,mia,,405,,,,,
1074,,breezblocks,,alt-j,,406,,,,,
1075,,sheena is a punk rocker,,ramones,,407,,,,,
1076,,fake tales of san francisco,,arctic monkeys,,408,,,,,
1077,,"baby, i love you",,the ronettes,,409,,,,,
1078,,hurt,,nine inch nails,,410,,,,,
1079,,waiting room,,fugazi,,411,,,,,
1080,,paris,,friendly fires,,412,,,,,
1081,,watching the detectives,,elvis costello & the attractions,,413,,,,,
1082,,"another girl, another planet",,the only ones,,414,,,,,
1083,,you're so vain,,carly simon,,415,,,,,
1084,,chemical world,,blur,,416,,,,,
1085,,marbles,,tindersticks,,417,,,,,
1086,,come as you are,,nirvana,,418,,,,,
1087,,start!,,the jam,,419,,,,,
1088,,yellow,,coldplay,,420,,,,,
1089,,holland 1945,,neutral milk hotel,,421,,,,,
1090,,the book of love,,the magnetic fields,,422,,,,,
1091,,paradise city,,guns 'n' roses,,423,,,,,
1092,,down by the water,,pj harvey,,424,,,,,
1093,,plug in baby,,muse,,425,,,,,
1094,,elephant,,tame impala,,426,,,,,
1095,,hate to say i told you so,,the hives,,427,,,,,
1096,,golden years,,david bowie,,428,,,,,
1097,,buddy holly,,weezer,,429,,,,,
1098,,uptown top ranking,,althea and donna,,430,,,,,
1099,,shame shame shame,,shirley and company,,431,,,,,
1100,,the drugs don't work,,the verve,,432,,,,,
1101,,one armed scissor,,at the drive-in,,433,,,,,
1102,,sunny afternoon,,the kinks,,434,,,,,
1103,,r u mine,,arctic monkeys,,435,,,,,
1104,,the bucket,,kings of leon,,436,,,,,
1105,,nelson mandela,,the specials,,437,,,,,
1106,,material girl,,madonna,,438,,,,,
1107,,where it's at,,beck,,440,,,,,
1108,,i fought the law,,bobby fuller four,,441,,,,,
1109,,witness (1 hope),,roots manuva,,442,,,,,
1110,,sorted for e's & wiz,,pulp,,443,,,,,
1111,,open up,,leftfield,,444,,,,,
1112,,popscene,,blur,,445,,,,,
1113,,tumbling dice,,the rolling stones,,446,,,,,
1114,,do you remember the first time?,,pulp,,447,,,,,
1115,,the scientist,,coldplay,,448,,,,,
1116,,a new england,,billy bragg,,449,,,,,
1117,,i am the walrus,,the beatles,,450,,,,,
1118,,setting sun,,the chemical brothers,,451,,,,,
1119,,whole lotta love,,led zeppelin,,452,,,,,
1120,,town called malice,,the jam,,453,,,,,
1121,,race for the prize,,the flaming lips,,454,,,,,
1122,,one way or another,,blondie,,455,,,,,
1123,,what's my name,,snoop doggy dog,,456,,,,,
1124,,firestarter,,the prodigy,,457,,,,,
1125,,umbrella,,rihanna,,458,,,,,
1126,,lust for life,,iggy pop,,459,,,,,
1127,,it's the end of the world (and i feel fine),,r.e.m,,460,,,,,
1128,,live and let die,,wings,,461,,,,,
1129,,if you wanna,,the vaccines,,462,,,,,
1130,,i will survive,,gloria gaynor,,463,,,,,
1131,,about a girl,,nirvana,,464,,,,,
1132,,goddess on a hiway,,mercury rev,,465,,,,,
1133,,push it,,salt 'n' peppa,,466,,,,,
1134,,star sign,,teenage fanclub,,467,,,,,
1135,,dreaming of you,,the coral,,468,,,,,
1136,,buzzblood ohio,,the national,,469,,,,,
1137,,movin' on up,,primal scream,,470,,,,,
1138,,sweet child o' mine,,guns 'n' roses,,471,,,,,
1139,,best of friends,,palma violets,,472,,,,,
1140,,lola,,the kinks,,473,,,,,
1141,,disarm,,smashing pumpkins,,474,,,,,
1142,,gnarls barkley,,crazy,,475,,,,,
1143,,imagine,,john lennon,,476,,,,,
1144,,nothin' but a 'g' thing,,dr dre,,477,,,,,
1145,,highway to hell,,ac/dc,,478,,,,,
1146,,wouldn't it be nice,,the beach boys,,479,,,,,
1147,,ziggy stardust,,david bowie,,480,,,,,
1148,,the killing moon,,echo & the bunnymen,,481,,,,,
1149,,darts of pleasure,,franz ferdinand,,482,,,,,
1150,,come to daddy,,aphex twin,,483,,,,,
1151,,some might say,,oasis,,484,,,,,
1152,,starman,,david bowie,,485,,,,,
1153,,across 110th street,,bobby womack,,486,,,,,
1154,,suedehead,,morrissey,,487,,,,,
1155,,golden brown,,the stranglers,,488,,,,,
1156,,red right hand,,nick cave and the bad seeds,,489,,,,,
1157,,riders on the storm,,the doors,,490,,,,,
1158,,one,,johnny cash,,491,,,,,
1159,,new york city cops,,the strokes,,492,,,,,
1160,,overload,,sugababes,,493,,,,,
1161,,everybody hurts,,r.e.m,,494,,,,,
1162,,patio song,,gorky's zygotic mynci,,495,,,,,
1163,,hey joe,,the jimi hendrix experience,,496,,,,,
1164,,kill all hippies,,primal scream,,497,,,,,
1165,,girl from mars,,ash,,498,,,,,
1166,,out of time,,blur,,499,,,,,
1167,,five years,,david bowie,,500,,,,,
